configuration,concurrency,workers,repetition,scheduler_run_id,job_id,state,accepted_elapsed_ns,completed_elapsed_ns,completion_ms
c1-w1-r1,1,1,1,c1cfe353-8c61-4f0d-abd0-3e63cfdc739c,f32b1f55-b664-4463-8e2c-64dc00cd2569,SUCCEEDED,26646186663,30910120026,4263.933363
c1-w1-r1,1,1,1,c1cfe353-8c61-4f0d-abd0-3e63cfdc739c,d09080cf-4827-4466-a109-1d43cd32c531,SUCCEEDED,31096819111,34510292645,3413.473534
c1-w1-r1,1,1,1,c1cfe353-8c61-4f0d-abd0-3e63cfdc739c,3cc1bf50-b2e8-4e5e-803f-2e706533170f,SUCCEEDED,34523880558,38436769244,3912.888686
c1-w1-r1,1,1,1,c1cfe353-8c61-4f0d-abd0-3e63cfdc739c,cecd3540-67da-4281-b82b-212be269bce6,SUCCEEDED,38556061373,41291296076,2735.234703
c1-w1-r1,1,1,1,c1cfe353-8c61-4f0d-abd0-3e63cfdc739c,1a472b92-9c15-4a4a-8e6c-eabe290e6efc,SUCCEEDED,41329344729,46228015194,4898.670465
c1-w1-r1,1,1,1,c1cfe353-8c61-4f0d-abd0-3e63cfdc739c,303abe92-4efe-42b0-a06e-b8388d4d56f0,SUCCEEDED,46338355491,49218210887,2879.855396
c1-w1-r1,1,1,1,c1cfe353-8c61-4f0d-abd0-3e63cfdc739c,37d80f70-12da-49c6-b7bf-d88dc1507f6f,SUCCEEDED,49245439286,53497468667,4252.029381
c1-w1-r1,1,1,1,c1cfe353-8c61-4f0d-abd0-3e63cfdc739c,fe444fed-d9af-41c8-b915-4c81523ecdee,SUCCEEDED,53744519695,57254202323,3509.682628
c1-w1-r1,1,1,1,c1cfe353-8c61-4f0d-abd0-3e63cfdc739c,7b191ea5-efd9-4be8-846e-3b4af67b5140,SUCCEEDED,58596553447,62092768024,3496.214577
c1-w1-r1,1,1,1,c1cfe353-8c61-4f0d-abd0-3e63cfdc739c,9b2a143b-ca2d-45d1-8990-b96b03702680,SUCCEEDED,62325097259,65779561535,3454.464276
c1-w1-r1,1,1,1,c1cfe353-8c61-4f0d-abd0-3e63cfdc739c,d630ec88-2e98-4e50-b5ac-47fa40ab5eda,SUCCEEDED,65864632117,69261084296,3396.452179
c1-w1-r1,1,1,1,c1cfe353-8c61-4f0d-abd0-3e63cfdc739c,bbeff2f2-bc47-44d0-bff3-5872976feb98,SUCCEEDED,69307853788,71021875102,1714.021314
c1-w1-r1,1,1,1,c1cfe353-8c61-4f0d-abd0-3e63cfdc739c,14cf50bd-07c3-4a16-ba1c-0c0cd1d13e22,SUCCEEDED,71072638765,74246422313,3173.783548
c1-w1-r1,1,1,1,c1cfe353-8c61-4f0d-abd0-3e63cfdc739c,35e96eab-f376-4fa7-b94d-49add5966b7d,SUCCEEDED,74260328398,78197197862,3936.869464
c1-w1-r1,1,1,1,c1cfe353-8c61-4f0d-abd0-3e63cfdc739c,f759cb52-55bb-47bc-b4b6-9b810e8c3d96,SUCCEEDED,78216054140,81456454450,3240.40031
c1-w1-r1,1,1,1,c1cfe353-8c61-4f0d-abd0-3e63cfdc739c,993398d1-b316-4ea3-8808-8c57ec5e30c4,SUCCEEDED,81612855792,85477847325,3864.991533
c1-w1-r1,1,1,1,c1cfe353-8c61-4f0d-abd0-3e63cfdc739c,10ab114b-b835-405a-b5f4-b1493d828a7b,SUCCEEDED,85503880816,89774176033,4270.295217
c1-w1-r1,1,1,1,c1cfe353-8c61-4f0d-abd0-3e63cfdc739c,3dc75006-28bd-4626-998c-28791c5082d9,SUCCEEDED,89855772850,93528007992,3672.235142
c1-w1-r1,1,1,1,c1cfe353-8c61-4f0d-abd0-3e63cfdc739c,e2aafdc9-7906-4627-ab09-2fb3160b7bb3,SUCCEEDED,93699722471,97301427625,3601.705154
c1-w1-r1,1,1,1,c1cfe353-8c61-4f0d-abd0-3e63cfdc739c,36d06c9e-fcb4-4814-b3d9-b096ce573030,SUCCEEDED,97398642472,101115011564,3716.369092
c1-w1-r1,1,1,1,c1cfe353-8c61-4f0d-abd0-3e63cfdc739c,9276cf9b-6a5c-41ec-9842-0dd98ec89113,SUCCEEDED,101144561447,104443219886,3298.658439
c1-w1-r1,1,1,1,c1cfe353-8c61-4f0d-abd0-3e63cfdc739c,3a9d66b3-4a88-4814-b191-79ed9011cc9c,SUCCEEDED,104506055618,108980159192,4474.103574
c1-w1-r1,1,1,1,c1cfe353-8c61-4f0d-abd0-3e63cfdc739c,16c35bc0-d3d8-4eee-9dbf-9619a841d5a0,SUCCEEDED,108988130763,113867191506,4879.060743
c1-w1-r1,1,1,1,c1cfe353-8c61-4f0d-abd0-3e63cfdc739c,37ea1f06-c13d-4701-be2d-7f22c4791174,SUCCEEDED,113897454989,116975009582,3077.554593
c16-w4-r1,16,4,1,a941b820-e020-483e-85d5-1e023366f6e6,76597b3b-1af5-4bf7-a97d-087bdfd61cfc,SUCCEEDED,35334415481,52242097293,16907.681812
c16-w4-r1,16,4,1,a941b820-e020-483e-85d5-1e023366f6e6,39f0571f-9a9d-412f-b366-447dd316ca6d,SUCCEEDED,35492702922,54105606751,18612.903829
c16-w4-r1,16,4,1,a941b820-e020-483e-85d5-1e023366f6e6,4d630100-b80f-48be-9396-2f3f04dee6f4,SUCCEEDED,35528660085,54554814241,19026.154156
c16-w4-r1,16,4,1,a941b820-e020-483e-85d5-1e023366f6e6,029eda0e-0ff3-4e6f-b714-339304cda57a,SUCCEEDED,35668545104,54595642360,18927.097256
c16-w4-r1,16,4,1,a941b820-e020-483e-85d5-1e023366f6e6,0176b0b4-192b-48aa-8350-826d7e77aed8,SUCCEEDED,35758430742,54885418474,19126.987732
c16-w4-r1,16,4,1,a941b820-e020-483e-85d5-1e023366f6e6,4b42e416-06fc-401f-b785-98fe74519270,SUCCEEDED,35782026222,55044671240,19262.645018
c16-w4-r1,16,4,1,a941b820-e020-483e-85d5-1e023366f6e6,be8aeb5d-fc74-43b8-ad36-377453d535b2,SUCCEEDED,35794395454,55202305224,19407.90977
c16-w4-r1,16,4,1,a941b820-e020-483e-85d5-1e023366f6e6,0c29484d-1ec0-4e4a-9232-03b6a99b1bf7,SUCCEEDED,35802383094,55332731851,19530.348757
c16-w4-r1,16,4,1,a941b820-e020-483e-85d5-1e023366f6e6,ae6e21f9-fc50-4416-8a09-78721009015c,SUCCEEDED,35834286866,55473265830,19638.978964
c16-w4-r1,16,4,1,a941b820-e020-483e-85d5-1e023366f6e6,7f053f26-eab4-4839-be7b-5d93fc283ea5,SUCCEEDED,35882797164,55735380755,19852.583591
c16-w4-r1,16,4,1,a941b820-e020-483e-85d5-1e023366f6e6,7284fb46-0972-4f7c-9c49-3a44d84180ec,SUCCEEDED,35915944925,55896339720,19980.394795
c16-w4-r1,16,4,1,a941b820-e020-483e-85d5-1e023366f6e6,e85974e9-3591-4530-a8eb-f31a2e49c67c,SUCCEEDED,35909335162,56824089349,20914.754187
c16-w4-r1,16,4,1,a941b820-e020-483e-85d5-1e023366f6e6,4a5a371d-c551-4a7b-8b49-03b2a0b868bc,SUCCEEDED,35936192685,57251736502,21315.543817
c16-w4-r1,16,4,1,a941b820-e020-483e-85d5-1e023366f6e6,6ef45458-2c54-4d5c-9f49-becddf15cb79,SUCCEEDED,35994854373,57542628302,21547.773929
c16-w4-r1,16,4,1,a941b820-e020-483e-85d5-1e023366f6e6,f0c45255-3b9d-45ce-b12d-66ff6136311a,SUCCEEDED,35952225061,57941371931,21989.14687
c16-w4-r1,16,4,1,a941b820-e020-483e-85d5-1e023366f6e6,1d744934-be9b-4f30-a31a-e5f9a64e727c,SUCCEEDED,36011094878,58076818437,22065.723559
c16-w4-r1,16,4,1,a941b820-e020-483e-85d5-1e023366f6e6,367aca4c-a2e6-414b-80f7-b79cf9582cad,SUCCEEDED,52309227293,69643829378,17334.602085
c16-w4-r1,16,4,1,a941b820-e020-483e-85d5-1e023366f6e6,9e72ae9f-72ea-4fbe-90cc-8138539462fb,SUCCEEDED,54401457428,69763201442,15361.744014
c16-w4-r1,16,4,1,a941b820-e020-483e-85d5-1e023366f6e6,293b9934-1d6b-4d8b-ad04-ef323ccbcae1,SUCCEEDED,54730749704,70504072168,15773.322464
c16-w4-r1,16,4,1,a941b820-e020-483e-85d5-1e023366f6e6,8bdbb0b6-ce56-44bb-9147-c44586e6c831,SUCCEEDED,55020791610,71121360487,16100.568877
c16-w4-r1,16,4,1,a941b820-e020-483e-85d5-1e023366f6e6,5b808c4d-7e1d-41b7-aac2-5306a25dfd1b,SUCCEEDED,55221868916,71221460432,15999.591516
c16-w4-r1,16,4,1,a941b820-e020-483e-85d5-1e023366f6e6,4be441da-3e53-465f-b6de-5a29b7f9dcc6,SUCCEEDED,54899977733,71369553157,16469.575424
c16-w4-r1,16,4,1,a941b820-e020-483e-85d5-1e023366f6e6,92ee18be-b9a0-45ef-95ff-54b66e94101f,SUCCEEDED,55321761343,71372150507,16050.389164
c16-w4-r1,16,4,1,a941b820-e020-483e-85d5-1e023366f6e6,91564d2d-6a47-4873-9ff9-d0193a4e512d,SUCCEEDED,55392730869,71780727099,16387.99623
