configuration,concurrency,workers,repetition,scheduler_run_id,job_id,task_id,state,ready_elapsed_ns,assigned_elapsed_ns,started_elapsed_ns,succeeded_elapsed_ns,scheduling_ms
c1-w1-r1,1,1,1,c1cfe353-8c61-4f0d-abd0-3e63cfdc739c,f32b1f55-b664-4463-8e2c-64dc00cd2569,A,SUCCEEDED,26646275557,26729488612,26732618470,26901097310,83.213055
c1-w1-r1,1,1,1,c1cfe353-8c61-4f0d-abd0-3e63cfdc739c,f32b1f55-b664-4463-8e2c-64dc00cd2569,B,SUCCEEDED,26901185697,26905853212,26952135402,27771455339,4.667515
c1-w1-r1,1,1,1,c1cfe353-8c61-4f0d-abd0-3e63cfdc739c,f32b1f55-b664-4463-8e2c-64dc00cd2569,C,SUCCEEDED,26901242743,27776122818,27825781114,28885166019,874.880075
c1-w1-r1,1,1,1,c1cfe353-8c61-4f0d-abd0-3e63cfdc739c,f32b1f55-b664-4463-8e2c-64dc00cd2569,D,SUCCEEDED,26901339575,28889681538,28936501878,29462824924,1988.341963
c1-w1-r1,1,1,1,c1cfe353-8c61-4f0d-abd0-3e63cfdc739c,f32b1f55-b664-4463-8e2c-64dc00cd2569,E,SUCCEEDED,29462929864,29467029428,29470626462,29775786478,4.099564
c1-w1-r1,1,1,1,c1cfe353-8c61-4f0d-abd0-3e63cfdc739c,f32b1f55-b664-4463-8e2c-64dc00cd2569,F,SUCCEEDED,29775864148,29779764955,29823919040,30910032490,3.900807
c1-w1-r1,1,1,1,c1cfe353-8c61-4f0d-abd0-3e63cfdc739c,d09080cf-4827-4466-a109-1d43cd32c531,A,SUCCEEDED,31096911995,31121002748,31124052824,31294772632,24.090753
c1-w1-r1,1,1,1,c1cfe353-8c61-4f0d-abd0-3e63cfdc739c,d09080cf-4827-4466-a109-1d43cd32c531,B,SUCCEEDED,31294910335,31299283162,31343258962,31605898429,4.372827
c1-w1-r1,1,1,1,c1cfe353-8c61-4f0d-abd0-3e63cfdc739c,d09080cf-4827-4466-a109-1d43cd32c531,C,SUCCEEDED,31294982967,31609729074,31651885865,31905000695,314.746107
c1-w1-r1,1,1,1,c1cfe353-8c61-4f0d-abd0-3e63cfdc739c,d09080cf-4827-4466-a109-1d43cd32c531,D,SUCCEEDED,31295012672,31908462033,31952007709,32968761994,613.449361
c1-w1-r1,1,1,1,c1cfe353-8c61-4f0d-abd0-3e63cfdc739c,d09080cf-4827-4466-a109-1d43cd32c531,E,SUCCEEDED,32968835832,32972824195,32976148143,34157366707,3.988363
c1-w1-r1,1,1,1,c1cfe353-8c61-4f0d-abd0-3e63cfdc739c,d09080cf-4827-4466-a109-1d43cd32c531,F,SUCCEEDED,34157454042,34162289649,34208019477,34510173852,4.835607
c1-w1-r1,1,1,1,c1cfe353-8c61-4f0d-abd0-3e63cfdc739c,3cc1bf50-b2e8-4e5e-803f-2e706533170f,A,SUCCEEDED,34523938245,34617263973,34620161462,35299628790,93.325728
c1-w1-r1,1,1,1,c1cfe353-8c61-4f0d-abd0-3e63cfdc739c,3cc1bf50-b2e8-4e5e-803f-2e706533170f,B,SUCCEEDED,35299708489,35303639250,35353938183,36040587752,3.930761
c1-w1-r1,1,1,1,c1cfe353-8c61-4f0d-abd0-3e63cfdc739c,3cc1bf50-b2e8-4e5e-803f-2e706533170f,C,SUCCEEDED,35299743039,36043921565,36087620662,36340331220,744.178526
c1-w1-r1,1,1,1,c1cfe353-8c61-4f0d-abd0-3e63cfdc739c,3cc1bf50-b2e8-4e5e-803f-2e706533170f,D,SUCCEEDED,35299766011,36343895361,36392282040,36717160820,1044.12935
c1-w1-r1,1,1,1,c1cfe353-8c61-4f0d-abd0-3e63cfdc739c,3cc1bf50-b2e8-4e5e-803f-2e706533170f,E,SUCCEEDED,36717235050,36720732932,36723648320,37097131705,3.497882
c1-w1-r1,1,1,1,c1cfe353-8c61-4f0d-abd0-3e63cfdc739c,3cc1bf50-b2e8-4e5e-803f-2e706533170f,F,SUCCEEDED,37097199900,37101393658,37148585892,38436699859,4.193758
c1-w1-r1,1,1,1,c1cfe353-8c61-4f0d-abd0-3e63cfdc739c,cecd3540-67da-4281-b82b-212be269bce6,A,SUCCEEDED,38556154693,38647288280,38650582573,39089748357,91.133587
c1-w1-r1,1,1,1,c1cfe353-8c61-4f0d-abd0-3e63cfdc739c,cecd3540-67da-4281-b82b-212be269bce6,B,SUCCEEDED,39089814823,39093275442,39144012239,39408092239,3.460619
c1-w1-r1,1,1,1,c1cfe353-8c61-4f0d-abd0-3e63cfdc739c,cecd3540-67da-4281-b82b-212be269bce6,C,SUCCEEDED,39089844499,39411080324,39459399444,40101194892,321.235825
c1-w1-r1,1,1,1,c1cfe353-8c61-4f0d-abd0-3e63cfdc739c,cecd3540-67da-4281-b82b-212be269bce6,D,SUCCEEDED,39089858729,40105440494,40157848998,40753229173,1015.581765
c1-w1-r1,1,1,1,c1cfe353-8c61-4f0d-abd0-3e63cfdc739c,cecd3540-67da-4281-b82b-212be269bce6,E,SUCCEEDED,40753282817,40756591414,40759463997,41053753040,3.308597
c1-w1-r1,1,1,1,c1cfe353-8c61-4f0d-abd0-3e63cfdc739c,cecd3540-67da-4281-b82b-212be269bce6,F,SUCCEEDED,41053826409,41057419754,41103451901,41291229444,3.593345
c1-w1-r1,1,1,1,c1cfe353-8c61-4f0d-abd0-3e63cfdc739c,1a472b92-9c15-4a4a-8e6c-eabe290e6efc,A,SUCCEEDED,41329419603,41398358023,41401618267,42696724314,68.93842
c1-w1-r1,1,1,1,c1cfe353-8c61-4f0d-abd0-3e63cfdc739c,1a472b92-9c15-4a4a-8e6c-eabe290e6efc,B,SUCCEEDED,42696808088,42702529109,42747957382,43541173151,5.721021
c1-w1-r1,1,1,1,c1cfe353-8c61-4f0d-abd0-3e63cfdc739c,1a472b92-9c15-4a4a-8e6c-eabe290e6efc,C,SUCCEEDED,42696837585,43545340797,43591972100,43895007839,848.503212
c1-w1-r1,1,1,1,c1cfe353-8c61-4f0d-abd0-3e63cfdc739c,1a472b92-9c15-4a4a-8e6c-eabe290e6efc,D,SUCCEEDED,42696855127,43898975247,43944141017,44136405633,1202.12012
c1-w1-r1,1,1,1,c1cfe353-8c61-4f0d-abd0-3e63cfdc739c,1a472b92-9c15-4a4a-8e6c-eabe290e6efc,E,SUCCEEDED,44136467175,44139793502,44142829060,44479794247,3.326327
c1-w1-r1,1,1,1,c1cfe353-8c61-4f0d-abd0-3e63cfdc739c,1a472b92-9c15-4a4a-8e6c-eabe290e6efc,F,SUCCEEDED,44479857277,44483810742,44532213849,46227959462,3.953465
c1-w1-r1,1,1,1,c1cfe353-8c61-4f0d-abd0-3e63cfdc739c,303abe92-4efe-42b0-a06e-b8388d4d56f0,A,SUCCEEDED,46338405624,46437282727,46439681262,46714736278,98.877103
c1-w1-r1,1,1,1,c1cfe353-8c61-4f0d-abd0-3e63cfdc739c,303abe92-4efe-42b0-a06e-b8388d4d56f0,B,SUCCEEDED,46714784541,46718604972,46763948725,46953989052,3.820431
c1-w1-r1,1,1,1,c1cfe353-8c61-4f0d-abd0-3e63cfdc739c,303abe92-4efe-42b0-a06e-b8388d4d56f0,C,SUCCEEDED,46714803987,46957542538,47007919031,47188725333,242.738551
c1-w1-r1,1,1,1,c1cfe353-8c61-4f0d-abd0-3e63cfdc739c,303abe92-4efe-42b0-a06e-b8388d4d56f0,D,SUCCEEDED,46714813559,47192427920,47239144021,47590090994,477.614361
c1-w1-r1,1,1,1,c1cfe353-8c61-4f0d-abd0-3e63cfdc739c,303abe92-4efe-42b0-a06e-b8388d4d56f0,E,SUCCEEDED,47590183660,47595294873,47599684237,48876436994,5.111213
c1-w1-r1,1,1,1,c1cfe353-8c61-4f0d-abd0-3e63cfdc739c,303abe92-4efe-42b0-a06e-b8388d4d56f0,F,SUCCEEDED,48876516003,48880170832,48923432112,49218114806,3.654829
c1-w1-r1,1,1,1,c1cfe353-8c61-4f0d-abd0-3e63cfdc739c,37d80f70-12da-49c6-b7bf-d88dc1507f6f,A,SUCCEEDED,49245490323,49324931881,49328487976,49497307345,79.441558
c1-w1-r1,1,1,1,c1cfe353-8c61-4f0d-abd0-3e63cfdc739c,37d80f70-12da-49c6-b7bf-d88dc1507f6f,B,SUCCEEDED,49497370424,49501202158,49548256273,49724729319,3.831734
c1-w1-r1,1,1,1,c1cfe353-8c61-4f0d-abd0-3e63cfdc739c,37d80f70-12da-49c6-b7bf-d88dc1507f6f,C,SUCCEEDED,49497393909,49728196080,49771989191,51034252040,230.802171
c1-w1-r1,1,1,1,c1cfe353-8c61-4f0d-abd0-3e63cfdc739c,37d80f70-12da-49c6-b7bf-d88dc1507f6f,D,SUCCEEDED,49497447666,51037934374,51084026743,51694840669,1540.486708
c1-w1-r1,1,1,1,c1cfe353-8c61-4f0d-abd0-3e63cfdc739c,37d80f70-12da-49c6-b7bf-d88dc1507f6f,E,SUCCEEDED,51694937155,51699486287,51702500124,52264261719,4.549132
c1-w1-r1,1,1,1,c1cfe353-8c61-4f0d-abd0-3e63cfdc739c,37d80f70-12da-49c6-b7bf-d88dc1507f6f,F,SUCCEEDED,52264317582,52267456562,52311481056,53497379856,3.13898
c1-w1-r1,1,1,1,c1cfe353-8c61-4f0d-abd0-3e63cfdc739c,fe444fed-d9af-41c8-b915-4c81523ecdee,A,SUCCEEDED,53744580674,53811435040,53813583406,54062545096,66.854366
c1-w1-r1,1,1,1,c1cfe353-8c61-4f0d-abd0-3e63cfdc739c,fe444fed-d9af-41c8-b915-4c81523ecdee,B,SUCCEEDED,54062618606,54065856949,54111683061,54397454838,3.238343
c1-w1-r1,1,1,1,c1cfe353-8c61-4f0d-abd0-3e63cfdc739c,fe444fed-d9af-41c8-b915-4c81523ecdee,C,SUCCEEDED,54062642333,54400784584,54447193968,55011391100,338.142251
c1-w1-r1,1,1,1,c1cfe353-8c61-4f0d-abd0-3e63cfdc739c,fe444fed-d9af-41c8-b915-4c81523ecdee,D,SUCCEEDED,54062652446,55014454568,55060001462,55875459737,951.802122
c1-w1-r1,1,1,1,c1cfe353-8c61-4f0d-abd0-3e63cfdc739c,fe444fed-d9af-41c8-b915-4c81523ecdee,E,SUCCEEDED,55875533091,55878769461,55881135694,56722002426,3.23637
c1-w1-r1,1,1,1,c1cfe353-8c61-4f0d-abd0-3e63cfdc739c,fe444fed-d9af-41c8-b915-4c81523ecdee,F,SUCCEEDED,56722067471,56726088191,56772058407,57254119472,4.02072
c1-w1-r1,1,1,1,c1cfe353-8c61-4f0d-abd0-3e63cfdc739c,7b191ea5-efd9-4be8-846e-3b4af67b5140,A,SUCCEEDED,58596611891,58609442789,58611476432,59037670436,12.830898
c1-w1-r1,1,1,1,c1cfe353-8c61-4f0d-abd0-3e63cfdc739c,7b191ea5-efd9-4be8-846e-3b4af67b5140,B,SUCCEEDED,59037723781,59041740370,59087785703,59484401802,4.016589
c1-w1-r1,1,1,1,c1cfe353-8c61-4f0d-abd0-3e63cfdc739c,7b191ea5-efd9-4be8-846e-3b4af67b5140,C,SUCCEEDED,59037743544,59488630914,59535158644,59787667171,450.88737
c1-w1-r1,1,1,1,c1cfe353-8c61-4f0d-abd0-3e63cfdc739c,7b191ea5-efd9-4be8-846e-3b4af67b5140,D,SUCCEEDED,59037753805,59790794691,59840069541,60948228412,753.040886
c1-w1-r1,1,1,1,c1cfe353-8c61-4f0d-abd0-3e63cfdc739c,7b191ea5-efd9-4be8-846e-3b4af67b5140,E,SUCCEEDED,60948280767,60950858851,60952976777,61575241512,2.578084
c1-w1-r1,1,1,1,c1cfe353-8c61-4f0d-abd0-3e63cfdc739c,7b191ea5-efd9-4be8-846e-3b4af67b5140,F,SUCCEEDED,61575297337,61578877028,61623595821,62092656046,3.579691
c1-w1-r1,1,1,1,c1cfe353-8c61-4f0d-abd0-3e63cfdc739c,9b2a143b-ca2d-45d1-8990-b96b03702680,A,SUCCEEDED,62325187433,62427107090,62430003789,63166620526,101.919657
c1-w1-r1,1,1,1,c1cfe353-8c61-4f0d-abd0-3e63cfdc739c,9b2a143b-ca2d-45d1-8990-b96b03702680,B,SUCCEEDED,63166674645,63170275404,63216140576,63744818900,3.600759
c1-w1-r1,1,1,1,c1cfe353-8c61-4f0d-abd0-3e63cfdc739c,9b2a143b-ca2d-45d1-8990-b96b03702680,C,SUCCEEDED,63166696988,63748291139,63795786686,64359154011,581.594151
c1-w1-r1,1,1,1,c1cfe353-8c61-4f0d-abd0-3e63cfdc739c,9b2a143b-ca2d-45d1-8990-b96b03702680,D,SUCCEEDED,63166706386,64367072292,64411365285,65025192570,1200.365906
c1-w1-r1,1,1,1,c1cfe353-8c61-4f0d-abd0-3e63cfdc739c,9b2a143b-ca2d-45d1-8990-b96b03702680,E,SUCCEEDED,65025259681,65029446609,65032838607,65328511568,4.186928
c1-w1-r1,1,1,1,c1cfe353-8c61-4f0d-abd0-3e63cfdc739c,9b2a143b-ca2d-45d1-8990-b96b03702680,F,SUCCEEDED,65328619027,65332183901,65375735690,65779413914,3.564874
c1-w1-r1,1,1,1,c1cfe353-8c61-4f0d-abd0-3e63cfdc739c,d630ec88-2e98-4e50-b5ac-47fa40ab5eda,A,SUCCEEDED,65864700578,65885698477,65887910303,66151636195,20.997899
c1-w1-r1,1,1,1,c1cfe353-8c61-4f0d-abd0-3e63cfdc739c,d630ec88-2e98-4e50-b5ac-47fa40ab5eda,B,SUCCEEDED,66151720775,66154976670,66199394565,66465190298,3.255895
c1-w1-r1,1,1,1,c1cfe353-8c61-4f0d-abd0-3e63cfdc739c,d630ec88-2e98-4e50-b5ac-47fa40ab5eda,C,SUCCEEDED,66151748895,66469223380,66515515225,66721570148,317.474485
c1-w1-r1,1,1,1,c1cfe353-8c61-4f0d-abd0-3e63cfdc739c,d630ec88-2e98-4e50-b5ac-47fa40ab5eda,D,SUCCEEDED,66151760988,66725371287,66771880090,66969433145,573.610299
c1-w1-r1,1,1,1,c1cfe353-8c61-4f0d-abd0-3e63cfdc739c,d630ec88-2e98-4e50-b5ac-47fa40ab5eda,E,SUCCEEDED,66969504184,66975086110,66977507190,68857545786,5.581926
c1-w1-r1,1,1,1,c1cfe353-8c61-4f0d-abd0-3e63cfdc739c,d630ec88-2e98-4e50-b5ac-47fa40ab5eda,F,SUCCEEDED,68857607552,68860895433,68907356321,69260973354,3.287881
c1-w1-r1,1,1,1,c1cfe353-8c61-4f0d-abd0-3e63cfdc739c,bbeff2f2-bc47-44d0-bff3-5872976feb98,A,SUCCEEDED,69307916006,69367732997,69370220362,69557276825,59.816991
c1-w1-r1,1,1,1,c1cfe353-8c61-4f0d-abd0-3e63cfdc739c,bbeff2f2-bc47-44d0-bff3-5872976feb98,B,SUCCEEDED,69557323823,69560642082,69608310043,69969734565,3.318259
c1-w1-r1,1,1,1,c1cfe353-8c61-4f0d-abd0-3e63cfdc739c,bbeff2f2-bc47-44d0-bff3-5872976feb98,C,SUCCEEDED,69557344115,69973152645,70020435516,70220706082,415.80853
c1-w1-r1,1,1,1,c1cfe353-8c61-4f0d-abd0-3e63cfdc739c,bbeff2f2-bc47-44d0-bff3-5872976feb98,D,SUCCEEDED,69557354520,70223913168,70270294909,70481898054,666.558648
c1-w1-r1,1,1,1,c1cfe353-8c61-4f0d-abd0-3e63cfdc739c,bbeff2f2-bc47-44d0-bff3-5872976feb98,E,SUCCEEDED,70481955891,70485365755,70488045174,70784876021,3.409864
c1-w1-r1,1,1,1,c1cfe353-8c61-4f0d-abd0-3e63cfdc739c,bbeff2f2-bc47-44d0-bff3-5872976feb98,F,SUCCEEDED,70784950565,70788500067,70831656264,71021821539,3.549502
c1-w1-r1,1,1,1,c1cfe353-8c61-4f0d-abd0-3e63cfdc739c,14cf50bd-07c3-4a16-ba1c-0c0cd1d13e22,A,SUCCEEDED,71072681548,71127906731,71130511998,71328058741,55.225183
c1-w1-r1,1,1,1,c1cfe353-8c61-4f0d-abd0-3e63cfdc739c,14cf50bd-07c3-4a16-ba1c-0c0cd1d13e22,B,SUCCEEDED,71328115033,71331844004,71379289443,72883017178,3.728971
c1-w1-r1,1,1,1,c1cfe353-8c61-4f0d-abd0-3e63cfdc739c,14cf50bd-07c3-4a16-ba1c-0c0cd1d13e22,C,SUCCEEDED,71328135262,72885565686,72931067150,73312752310,1557.430424
c1-w1-r1,1,1,1,c1cfe353-8c61-4f0d-abd0-3e63cfdc739c,14cf50bd-07c3-4a16-ba1c-0c0cd1d13e22,D,SUCCEEDED,71328148532,73317799725,73363649894,73613739246,1989.651193
c1-w1-r1,1,1,1,c1cfe353-8c61-4f0d-abd0-3e63cfdc739c,14cf50bd-07c3-4a16-ba1c-0c0cd1d13e22,E,SUCCEEDED,73613836138,73617422088,73620133312,74000331612,3.58595
c1-w1-r1,1,1,1,c1cfe353-8c61-4f0d-abd0-3e63cfdc739c,14cf50bd-07c3-4a16-ba1c-0c0cd1d13e22,F,SUCCEEDED,74000433259,74003928527,74047444620,74246342340,3.495268
c1-w1-r1,1,1,1,c1cfe353-8c61-4f0d-abd0-3e63cfdc739c,35e96eab-f376-4fa7-b94d-49add5966b7d,A,SUCCEEDED,74260385903,74355989386,74359689303,74559431240,95.603483
c1-w1-r1,1,1,1,c1cfe353-8c61-4f0d-abd0-3e63cfdc739c,35e96eab-f376-4fa7-b94d-49add5966b7d,B,SUCCEEDED,74559490818,74562914416,74611445489,75082611433,3.423598
c1-w1-r1,1,1,1,c1cfe353-8c61-4f0d-abd0-3e63cfdc739c,35e96eab-f376-4fa7-b94d-49add5966b7d,C,SUCCEEDED,74559512285,75085552078,75130857276,75481967146,526.039793
c1-w1-r1,1,1,1,c1cfe353-8c61-4f0d-abd0-3e63cfdc739c,35e96eab-f376-4fa7-b94d-49add5966b7d,D,SUCCEEDED,74559523041,75485073237,75531370953,75747808127,925.550196
c1-w1-r1,1,1,1,c1cfe353-8c61-4f0d-abd0-3e63cfdc739c,35e96eab-f376-4fa7-b94d-49add5966b7d,E,SUCCEEDED,75747857451,75750981422,75753256933,77219765555,3.123971
c1-w1-r1,1,1,1,c1cfe353-8c61-4f0d-abd0-3e63cfdc739c,35e96eab-f376-4fa7-b94d-49add5966b7d,F,SUCCEEDED,77219821963,77222965219,77268053494,78197139390,3.143256
c1-w1-r1,1,1,1,c1cfe353-8c61-4f0d-abd0-3e63cfdc739c,f759cb52-55bb-47bc-b4b6-9b810e8c3d96,A,SUCCEEDED,78216108728,78303424456,78305819188,79329268977,87.315728
c1-w1-r1,1,1,1,c1cfe353-8c61-4f0d-abd0-3e63cfdc739c,f759cb52-55bb-47bc-b4b6-9b810e8c3d96,B,SUCCEEDED,79329330904,79332547013,79375419417,79819761412,3.216109
c1-w1-r1,1,1,1,c1cfe353-8c61-4f0d-abd0-3e63cfdc739c,f759cb52-55bb-47bc-b4b6-9b810e8c3d96,C,SUCCEEDED,79329354358,79823047533,79868491303,80193664894,493.693175
c1-w1-r1,1,1,1,c1cfe353-8c61-4f0d-abd0-3e63cfdc739c,f759cb52-55bb-47bc-b4b6-9b810e8c3d96,D,SUCCEEDED,79329365869,80195779101,80239443691,80420695476,866.413232
c1-w1-r1,1,1,1,c1cfe353-8c61-4f0d-abd0-3e63cfdc739c,f759cb52-55bb-47bc-b4b6-9b810e8c3d96,E,SUCCEEDED,80420753791,80423469149,80425529289,80783818500,2.715358
c1-w1-r1,1,1,1,c1cfe353-8c61-4f0d-abd0-3e63cfdc739c,f759cb52-55bb-47bc-b4b6-9b810e8c3d96,F,SUCCEEDED,80783869149,80786460007,80831780877,81456344496,2.590858
c1-w1-r1,1,1,1,c1cfe353-8c61-4f0d-abd0-3e63cfdc739c,993398d1-b316-4ea3-8808-8c57ec5e30c4,A,SUCCEEDED,81612970039,81668188336,81671503591,82220884722,55.218297
c1-w1-r1,1,1,1,c1cfe353-8c61-4f0d-abd0-3e63cfdc739c,993398d1-b316-4ea3-8808-8c57ec5e30c4,B,SUCCEEDED,82220924080,82224016330,82271415600,82606628289,3.09225
c1-w1-r1,1,1,1,c1cfe353-8c61-4f0d-abd0-3e63cfdc739c,993398d1-b316-4ea3-8808-8c57ec5e30c4,C,SUCCEEDED,82220937978,82609840280,82655617107,82892266806,388.902302
c1-w1-r1,1,1,1,c1cfe353-8c61-4f0d-abd0-3e63cfdc739c,993398d1-b316-4ea3-8808-8c57ec5e30c4,D,SUCCEEDED,82220943836,82896935288,82943396246,84391992149,675.991452
c1-w1-r1,1,1,1,c1cfe353-8c61-4f0d-abd0-3e63cfdc739c,993398d1-b316-4ea3-8808-8c57ec5e30c4,E,SUCCEEDED,84392054897,84406580375,84409403320,85116551743,14.525478
c1-w1-r1,1,1,1,c1cfe353-8c61-4f0d-abd0-3e63cfdc739c,993398d1-b316-4ea3-8808-8c57ec5e30c4,F,SUCCEEDED,85116608846,85119750992,85167263340,85477782682,3.142146
c1-w1-r1,1,1,1,c1cfe353-8c61-4f0d-abd0-3e63cfdc739c,10ab114b-b835-405a-b5f4-b1493d828a7b,A,SUCCEEDED,85503941708,85582519580,85584773177,86750339038,78.577872
c1-w1-r1,1,1,1,c1cfe353-8c61-4f0d-abd0-3e63cfdc739c,10ab114b-b835-405a-b5f4-b1493d828a7b,B,SUCCEEDED,86750390805,86753254628,86799356335,87198679454,2.863823
c1-w1-r1,1,1,1,c1cfe353-8c61-4f0d-abd0-3e63cfdc739c,10ab114b-b835-405a-b5f4-b1493d828a7b,C,SUCCEEDED,86750409022,87201746070,87251673019,87469670780,451.337048
c1-w1-r1,1,1,1,c1cfe353-8c61-4f0d-abd0-3e63cfdc739c,10ab114b-b835-405a-b5f4-b1493d828a7b,D,SUCCEEDED,86750418811,87472531061,87519245386,87840904417,722.11225
c1-w1-r1,1,1,1,c1cfe353-8c61-4f0d-abd0-3e63cfdc739c,10ab114b-b835-405a-b5f4-b1493d828a7b,E,SUCCEEDED,87840961305,87845616598,87848293182,89510106440,4.655293
c1-w1-r1,1,1,1,c1cfe353-8c61-4f0d-abd0-3e63cfdc739c,10ab114b-b835-405a-b5f4-b1493d828a7b,F,SUCCEEDED,89510163882,89513283422,89559203648,89774093204,3.11954
c1-w1-r1,1,1,1,c1cfe353-8c61-4f0d-abd0-3e63cfdc739c,3dc75006-28bd-4626-998c-28791c5082d9,A,SUCCEEDED,89855819015,89879613262,89884033615,90060439271,23.794247
c1-w1-r1,1,1,1,c1cfe353-8c61-4f0d-abd0-3e63cfdc739c,3dc75006-28bd-4626-998c-28791c5082d9,B,SUCCEEDED,90060494423,90065106465,90130176160,90325798437,4.612042
c1-w1-r1,1,1,1,c1cfe353-8c61-4f0d-abd0-3e63cfdc739c,3dc75006-28bd-4626-998c-28791c5082d9,C,SUCCEEDED,90060519372,90329112234,90379470995,91819208928,268.592862
c1-w1-r1,1,1,1,c1cfe353-8c61-4f0d-abd0-3e63cfdc739c,3dc75006-28bd-4626-998c-28791c5082d9,D,SUCCEEDED,90060531332,91822522626,91867636160,92288224472,1761.991294
c1-w1-r1,1,1,1,c1cfe353-8c61-4f0d-abd0-3e63cfdc739c,3dc75006-28bd-4626-998c-28791c5082d9,E,SUCCEEDED,92288279972,92291484106,92293902027,92888272311,3.204134
c1-w1-r1,1,1,1,c1cfe353-8c61-4f0d-abd0-3e63cfdc739c,3dc75006-28bd-4626-998c-28791c5082d9,F,SUCCEEDED,92888341734,92892890472,92934776295,93527833380,4.548738
c1-w1-r1,1,1,1,c1cfe353-8c61-4f0d-abd0-3e63cfdc739c,e2aafdc9-7906-4627-ab09-2fb3160b7bb3,A,SUCCEEDED,93699828741,93740330896,93743696603,94268546751,40.502155
c1-w1-r1,1,1,1,c1cfe353-8c61-4f0d-abd0-3e63cfdc739c,e2aafdc9-7906-4627-ab09-2fb3160b7bb3,B,SUCCEEDED,94268612581,94271086775,94314852800,94624174471,2.474194
c1-w1-r1,1,1,1,c1cfe353-8c61-4f0d-abd0-3e63cfdc739c,e2aafdc9-7906-4627-ab09-2fb3160b7bb3,C,SUCCEEDED,94268627431,94628016769,94671558524,95142260211,359.389338
c1-w1-r1,1,1,1,c1cfe353-8c61-4f0d-abd0-3e63cfdc739c,e2aafdc9-7906-4627-ab09-2fb3160b7bb3,D,SUCCEEDED,94268636036,95144712946,95191230100,96424459273,876.07691
c1-w1-r1,1,1,1,c1cfe353-8c61-4f0d-abd0-3e63cfdc739c,e2aafdc9-7906-4627-ab09-2fb3160b7bb3,E,SUCCEEDED,96424513750,96427309943,96429491924,96975540313,2.796193
c1-w1-r1,1,1,1,c1cfe353-8c61-4f0d-abd0-3e63cfdc739c,e2aafdc9-7906-4627-ab09-2fb3160b7bb3,F,SUCCEEDED,96975580507,96978448986,97028046304,97301372431,2.868479
c1-w1-r1,1,1,1,c1cfe353-8c61-4f0d-abd0-3e63cfdc739c,36d06c9e-fcb4-4814-b3d9-b096ce573030,A,SUCCEEDED,97398701423,97406588993,97456930268,98823742743,7.88757
c1-w1-r1,1,1,1,c1cfe353-8c61-4f0d-abd0-3e63cfdc739c,36d06c9e-fcb4-4814-b3d9-b096ce573030,B,SUCCEEDED,98823806891,98826715316,98871249027,99408846861,2.908425
c1-w1-r1,1,1,1,c1cfe353-8c61-4f0d-abd0-3e63cfdc739c,36d06c9e-fcb4-4814-b3d9-b096ce573030,C,SUCCEEDED,98823832976,99411315905,99455221153,99854081595,587.482929
c1-w1-r1,1,1,1,c1cfe353-8c61-4f0d-abd0-3e63cfdc739c,36d06c9e-fcb4-4814-b3d9-b096ce573030,D,SUCCEEDED,98823845842,99857304605,99905881399,100088288546,1033.458763
c1-w1-r1,1,1,1,c1cfe353-8c61-4f0d-abd0-3e63cfdc739c,36d06c9e-fcb4-4814-b3d9-b096ce573030,E,SUCCEEDED,100088390705,100091957066,100094589241,100495995868,3.566361
c1-w1-r1,1,1,1,c1cfe353-8c61-4f0d-abd0-3e63cfdc739c,36d06c9e-fcb4-4814-b3d9-b096ce573030,F,SUCCEEDED,100496187930,100501166161,100547870757,101114893332,4.978231
c1-w1-r1,1,1,1,c1cfe353-8c61-4f0d-abd0-3e63cfdc739c,9276cf9b-6a5c-41ec-9842-0dd98ec89113,A,SUCCEEDED,101144663007,101222857703,101224625374,101537449313,78.194696
c1-w1-r1,1,1,1,c1cfe353-8c61-4f0d-abd0-3e63cfdc739c,9276cf9b-6a5c-41ec-9842-0dd98ec89113,B,SUCCEEDED,101537535106,101540160731,101587291772,101887246540,2.625625
c1-w1-r1,1,1,1,c1cfe353-8c61-4f0d-abd0-3e63cfdc739c,9276cf9b-6a5c-41ec-9842-0dd98ec89113,C,SUCCEEDED,101537549993,101890362789,101935110409,102282919791,352.812796
c1-w1-r1,1,1,1,c1cfe353-8c61-4f0d-abd0-3e63cfdc739c,9276cf9b-6a5c-41ec-9842-0dd98ec89113,D,SUCCEEDED,101537555801,102286996910,102332328119,103481928775,749.441109
c1-w1-r1,1,1,1,c1cfe353-8c61-4f0d-abd0-3e63cfdc739c,9276cf9b-6a5c-41ec-9842-0dd98ec89113,E,SUCCEEDED,103482028158,103484821381,103487162703,103960863756,2.793223
c1-w1-r1,1,1,1,c1cfe353-8c61-4f0d-abd0-3e63cfdc739c,9276cf9b-6a5c-41ec-9842-0dd98ec89113,F,SUCCEEDED,103960920244,103964179203,104006856873,104443157806,3.258959
c1-w1-r1,1,1,1,c1cfe353-8c61-4f0d-abd0-3e63cfdc739c,3a9d66b3-4a88-4814-b191-79ed9011cc9c,A,SUCCEEDED,104506128579,104548218777,104550400772,106218314829,42.090198
c1-w1-r1,1,1,1,c1cfe353-8c61-4f0d-abd0-3e63cfdc739c,3a9d66b3-4a88-4814-b191-79ed9011cc9c,B,SUCCEEDED,106218357876,106220818834,106267024511,106617337464,2.460958
c1-w1-r1,1,1,1,c1cfe353-8c61-4f0d-abd0-3e63cfdc739c,3a9d66b3-4a88-4814-b191-79ed9011cc9c,C,SUCCEEDED,106218391910,106620845552,106663417817,106927369142,402.453642
c1-w1-r1,1,1,1,c1cfe353-8c61-4f0d-abd0-3e63cfdc739c,3a9d66b3-4a88-4814-b191-79ed9011cc9c,D,SUCCEEDED,106218401887,106930034325,106975121143,107243103090,711.632438
c1-w1-r1,1,1,1,c1cfe353-8c61-4f0d-abd0-3e63cfdc739c,3a9d66b3-4a88-4814-b191-79ed9011cc9c,E,SUCCEEDED,107243167778,107265655738,107268057900,108694768028,22.48796
c1-w1-r1,1,1,1,c1cfe353-8c61-4f0d-abd0-3e63cfdc739c,3a9d66b3-4a88-4814-b191-79ed9011cc9c,F,SUCCEEDED,108694819254,108697676656,108743394587,108979468275,2.857402
c1-w1-r1,1,1,1,c1cfe353-8c61-4f0d-abd0-3e63cfdc739c,16c35bc0-d3d8-4eee-9dbf-9619a841d5a0,A,SUCCEEDED,108988187737,109085305052,109087258392,109486104623,97.117315
c1-w1-r1,1,1,1,c1cfe353-8c61-4f0d-abd0-3e63cfdc739c,16c35bc0-d3d8-4eee-9dbf-9619a841d5a0,B,SUCCEEDED,109486159929,109488709637,109531167541,109750820730,2.549708
c1-w1-r1,1,1,1,c1cfe353-8c61-4f0d-abd0-3e63cfdc739c,16c35bc0-d3d8-4eee-9dbf-9619a841d5a0,C,SUCCEEDED,109486179728,109756147158,109803398031,111310497745,269.96743
c1-w1-r1,1,1,1,c1cfe353-8c61-4f0d-abd0-3e63cfdc739c,16c35bc0-d3d8-4eee-9dbf-9619a841d5a0,D,SUCCEEDED,109486188200,111313225099,111359478865,112250533363,1827.036899
c1-w1-r1,1,1,1,c1cfe353-8c61-4f0d-abd0-3e63cfdc739c,16c35bc0-d3d8-4eee-9dbf-9619a841d5a0,E,SUCCEEDED,112250671158,112253214588,112254951217,113599085629,2.54343
c1-w1-r1,1,1,1,c1cfe353-8c61-4f0d-abd0-3e63cfdc739c,16c35bc0-d3d8-4eee-9dbf-9619a841d5a0,F,SUCCEEDED,113599118283,113601540431,113646954559,113867141497,2.422148
c1-w1-r1,1,1,1,c1cfe353-8c61-4f0d-abd0-3e63cfdc739c,37ea1f06-c13d-4701-be2d-7f22c4791174,A,SUCCEEDED,113897493183,113972169636,113974516977,114158608356,74.676453
c1-w1-r1,1,1,1,c1cfe353-8c61-4f0d-abd0-3e63cfdc739c,37ea1f06-c13d-4701-be2d-7f22c4791174,B,SUCCEEDED,114158655159,114161281371,114211231898,114529453904,2.626212
c1-w1-r1,1,1,1,c1cfe353-8c61-4f0d-abd0-3e63cfdc739c,37ea1f06-c13d-4701-be2d-7f22c4791174,C,SUCCEEDED,114158676734,114532395427,114579322124,115941881798,373.718693
c1-w1-r1,1,1,1,c1cfe353-8c61-4f0d-abd0-3e63cfdc739c,37ea1f06-c13d-4701-be2d-7f22c4791174,D,SUCCEEDED,114158688068,115944483695,115987235100,116316776381,1785.795627
c1-w1-r1,1,1,1,c1cfe353-8c61-4f0d-abd0-3e63cfdc739c,37ea1f06-c13d-4701-be2d-7f22c4791174,E,SUCCEEDED,116316823547,116319528806,116321467114,116645918657,2.705259
c1-w1-r1,1,1,1,c1cfe353-8c61-4f0d-abd0-3e63cfdc739c,37ea1f06-c13d-4701-be2d-7f22c4791174,F,SUCCEEDED,116645960260,116648561874,116691068629,116974936889,2.601614
c16-w4-r1,16,4,1,a941b820-e020-483e-85d5-1e023366f6e6,76597b3b-1af5-4bf7-a97d-087bdfd61cfc,A,SUCCEEDED,35334484922,35364449303,35367977300,35944303709,29.964381
c16-w4-r1,16,4,1,a941b820-e020-483e-85d5-1e023366f6e6,76597b3b-1af5-4bf7-a97d-087bdfd61cfc,B,SUCCEEDED,35944383298,36920153259,36972919518,38804425551,975.769961
c16-w4-r1,16,4,1,a941b820-e020-483e-85d5-1e023366f6e6,76597b3b-1af5-4bf7-a97d-087bdfd61cfc,C,SUCCEEDED,35944414345,36925627753,36972241225,39076795147,981.213408
c16-w4-r1,16,4,1,a941b820-e020-483e-85d5-1e023366f6e6,76597b3b-1af5-4bf7-a97d-087bdfd61cfc,D,SUCCEEDED,35944426733,37509636690,37555780191,38939672698,1565.209957
c16-w4-r1,16,4,1,a941b820-e020-483e-85d5-1e023366f6e6,76597b3b-1af5-4bf7-a97d-087bdfd61cfc,E,SUCCEEDED,39076858165,50387865744,50392095964,50702498555,11311.007579
c16-w4-r1,16,4,1,a941b820-e020-483e-85d5-1e023366f6e6,76597b3b-1af5-4bf7-a97d-087bdfd61cfc,F,SUCCEEDED,50702538935,51983862272,52027649115,52242050155,1281.323337
c16-w4-r1,16,4,1,a941b820-e020-483e-85d5-1e023366f6e6,39f0571f-9a9d-412f-b366-447dd316ca6d,A,SUCCEEDED,35492818728,35518010018,35522134012,36096590073,25.19129
c16-w4-r1,16,4,1,a941b820-e020-483e-85d5-1e023366f6e6,39f0571f-9a9d-412f-b366-447dd316ca6d,B,SUCCEEDED,36096654597,39080566566,39131487635,41124710665,2983.911969
c16-w4-r1,16,4,1,a941b820-e020-483e-85d5-1e023366f6e6,39f0571f-9a9d-412f-b366-447dd316ca6d,C,SUCCEEDED,36096676976,39510228797,39555863347,41460763339,3413.551821
c16-w4-r1,16,4,1,a941b820-e020-483e-85d5-1e023366f6e6,39f0571f-9a9d-412f-b366-447dd316ca6d,D,SUCCEEDED,36096688283,39688930421,39736397309,41440306636,3592.242138
c16-w4-r1,16,4,1,a941b820-e020-483e-85d5-1e023366f6e6,39f0571f-9a9d-412f-b366-447dd316ca6d,E,SUCCEEDED,41460829425,51106224013,51114479153,51403845040,9645.394588
c16-w4-r1,16,4,1,a941b820-e020-483e-85d5-1e023366f6e6,39f0571f-9a9d-412f-b366-447dd316ca6d,F,SUCCEEDED,51403887537,52245374481,52291891472,54105563999,841.486944
c16-w4-r1,16,4,1,a941b820-e020-483e-85d5-1e023366f6e6,4d630100-b80f-48be-9396-2f3f04dee6f4,A,SUCCEEDED,35528725521,35579721175,35583556118,36230223471,50.995654
c16-w4-r1,16,4,1,a941b820-e020-483e-85d5-1e023366f6e6,4d630100-b80f-48be-9396-2f3f04dee6f4,B,SUCCEEDED,36230308756,39943542843,39989274071,41717248709,3713.234087
c16-w4-r1,16,4,1,a941b820-e020-483e-85d5-1e023366f6e6,4d630100-b80f-48be-9396-2f3f04dee6f4,C,SUCCEEDED,36230338119,41129238915,41183077751,42042670669,4898.900796
c16-w4-r1,16,4,1,a941b820-e020-483e-85d5-1e023366f6e6,4d630100-b80f-48be-9396-2f3f04dee6f4,D,SUCCEEDED,36230355885,41444118210,41491787758,42274426651,5213.762325
c16-w4-r1,16,4,1,a941b820-e020-483e-85d5-1e023366f6e6,4d630100-b80f-48be-9396-2f3f04dee6f4,E,SUCCEEDED,42274478377,51191074381,51195003000,51487461092,8916.596004
c16-w4-r1,16,4,1,a941b820-e020-483e-85d5-1e023366f6e6,4d630100-b80f-48be-9396-2f3f04dee6f4,F,SUCCEEDED,51487499420,52494499069,52543782164,54554741236,1006.999649
c16-w4-r1,16,4,1,a941b820-e020-483e-85d5-1e023366f6e6,029eda0e-0ff3-4e6f-b714-339304cda57a,A,SUCCEEDED,35668613615,35692829520,35695873058,36268694510,24.215905
c16-w4-r1,16,4,1,a941b820-e020-483e-85d5-1e023366f6e6,029eda0e-0ff3-4e6f-b714-339304cda57a,B,SUCCEEDED,36268763678,41465880438,41516705531,42468080664,5197.11676
c16-w4-r1,16,4,1,a941b820-e020-483e-85d5-1e023366f6e6,029eda0e-0ff3-4e6f-b714-339304cda57a,C,SUCCEEDED,36268782761,41721300063,41769897838,42793929878,5452.517302
c16-w4-r1,16,4,1,a941b820-e020-483e-85d5-1e023366f6e6,029eda0e-0ff3-4e6f-b714-339304cda57a,D,SUCCEEDED,36268790681,42046773207,42091775655,43747447446,5777.982526
c16-w4-r1,16,4,1,a941b820-e020-483e-85d5-1e023366f6e6,029eda0e-0ff3-4e6f-b714-339304cda57a,E,SUCCEEDED,43747485089,51222405441,51226318874,51514202958,7474.920352
c16-w4-r1,16,4,1,a941b820-e020-483e-85d5-1e023366f6e6,029eda0e-0ff3-4e6f-b714-339304cda57a,F,SUCCEEDED,51514239450,52622906218,52667875050,54595570611,1108.666768
c16-w4-r1,16,4,1,a941b820-e020-483e-85d5-1e023366f6e6,0176b0b4-192b-48aa-8350-826d7e77aed8,A,SUCCEEDED,35758643254,35948263524,35997176145,36353937545,189.62027
c16-w4-r1,16,4,1,a941b820-e020-483e-85d5-1e023366f6e6,0176b0b4-192b-48aa-8350-826d7e77aed8,B,SUCCEEDED,36354005746,42278469676,42323689688,44099246806,5924.46393
c16-w4-r1,16,4,1,a941b820-e020-483e-85d5-1e023366f6e6,0176b0b4-192b-48aa-8350-826d7e77aed8,C,SUCCEEDED,36354034271,42472226629,42524932827,44224135111,6118.192358
c16-w4-r1,16,4,1,a941b820-e020-483e-85d5-1e023366f6e6,0176b0b4-192b-48aa-8350-826d7e77aed8,D,SUCCEEDED,36354047343,42798245890,42844178188,44345253994,6444.198547
c16-w4-r1,16,4,1,a941b820-e020-483e-85d5-1e023366f6e6,0176b0b4-192b-48aa-8350-826d7e77aed8,E,SUCCEEDED,44345313060,51238444050,51242436718,51524891747,6893.13099
c16-w4-r1,16,4,1,a941b820-e020-483e-85d5-1e023366f6e6,0176b0b4-192b-48aa-8350-826d7e77aed8,F,SUCCEEDED,51524936748,53264033800,53308995751,54885354735,1739.097052
c16-w4-r1,16,4,1,a941b820-e020-483e-85d5-1e023366f6e6,4b42e416-06fc-401f-b785-98fe74519270,A,SUCCEEDED,35782101926,36102257145,36151852191,36510657623,320.155219
c16-w4-r1,16,4,1,a941b820-e020-483e-85d5-1e023366f6e6,4b42e416-06fc-401f-b785-98fe74519270,B,SUCCEEDED,36510712648,43750842132,43799480796,44838514269,7240.129484
c16-w4-r1,16,4,1,a941b820-e020-483e-85d5-1e023366f6e6,4b42e416-06fc-401f-b785-98fe74519270,C,SUCCEEDED,36510733726,44102478150,44147313514,46968583084,7591.744424
c16-w4-r1,16,4,1,a941b820-e020-483e-85d5-1e023366f6e6,4b42e416-06fc-401f-b785-98fe74519270,D,SUCCEEDED,36510745653,44227904168,44271508336,46043454733,7717.158515
c16-w4-r1,16,4,1,a941b820-e020-483e-85d5-1e023366f6e6,4b42e416-06fc-401f-b785-98fe74519270,E,SUCCEEDED,46968623371,51407706901,51411615044,51690315961,4439.08353
c16-w4-r1,16,4,1,a941b820-e020-483e-85d5-1e023366f6e6,4b42e416-06fc-401f-b785-98fe74519270,F,SUCCEEDED,51690354285,54109804372,54155724138,55044618502,2419.450087
c16-w4-r1,16,4,1,a941b820-e020-483e-85d5-1e023366f6e6,be8aeb5d-fc74-43b8-ad36-377453d535b2,A,SUCCEEDED,35794465515,36236261849,36287270543,36547506859,441.796334
c16-w4-r1,16,4,1,a941b820-e020-483e-85d5-1e023366f6e6,be8aeb5d-fc74-43b8-ad36-377453d535b2,B,SUCCEEDED,36547551611,44349917815,44395883809,47156312649,7802.366204
c16-w4-r1,16,4,1,a941b820-e020-483e-85d5-1e023366f6e6,be8aeb5d-fc74-43b8-ad36-377453d535b2,C,SUCCEEDED,36547567931,44842046590,44888019789,47306068521,8294.478659
c16-w4-r1,16,4,1,a941b820-e020-483e-85d5-1e023366f6e6,be8aeb5d-fc74-43b8-ad36-377453d535b2,D,SUCCEEDED,36547573818,46047484269,46091856412,47565411097,9499.910451
c16-w4-r1,16,4,1,a941b820-e020-483e-85d5-1e023366f6e6,be8aeb5d-fc74-43b8-ad36-377453d535b2,E,SUCCEEDED,47565451082,51491516534,51495587233,51768122697,3926.065452
c16-w4-r1,16,4,1,a941b820-e020-483e-85d5-1e023366f6e6,be8aeb5d-fc74-43b8-ad36-377453d535b2,F,SUCCEEDED,51768220634,54558539578,54603941042,55202247222,2790.318944
c16-w4-r1,16,4,1,a941b820-e020-483e-85d5-1e023366f6e6,0c29484d-1ec0-4e4a-9232-03b6a99b1bf7,A,SUCCEEDED,35802446696,36272345462,36319815209,36606391236,469.898766
c16-w4-r1,16,4,1,a941b820-e020-483e-85d5-1e023366f6e6,0c29484d-1ec0-4e4a-9232-03b6a99b1bf7,B,SUCCEEDED,36606454677,46971460410,47015775705,47986306660,10365.005733
c16-w4-r1,16,4,1,a941b820-e020-483e-85d5-1e023366f6e6,0c29484d-1ec0-4e4a-9232-03b6a99b1bf7,C,SUCCEEDED,36606524008,47159658020,47204029299,48443896085,10553.134012
c16-w4-r1,16,4,1,a941b820-e020-483e-85d5-1e023366f6e6,0c29484d-1ec0-4e4a-9232-03b6a99b1bf7,D,SUCCEEDED,36606541704,47310189579,47355848556,49161067446,10703.647875
c16-w4-r1,16,4,1,a941b820-e020-483e-85d5-1e023366f6e6,0c29484d-1ec0-4e4a-9232-03b6a99b1bf7,E,SUCCEEDED,49161118089,51518448306,51521688342,51810881568,2357.330217
c16-w4-r1,16,4,1,a941b820-e020-483e-85d5-1e023366f6e6,0c29484d-1ec0-4e4a-9232-03b6a99b1bf7,F,SUCCEEDED,51810919820,54599352098,54643737973,55332659758,2788.432278
c16-w4-r1,16,4,1,a941b820-e020-483e-85d5-1e023366f6e6,ae6e21f9-fc50-4416-8a09-78721009015c,A,SUCCEEDED,35834354589,36358970737,36404015699,36748641458,524.616148
c16-w4-r1,16,4,1,a941b820-e020-483e-85d5-1e023366f6e6,ae6e21f9-fc50-4416-8a09-78721009015c,B,SUCCEEDED,36748756004,47568946619,47615395524,49586753385,10820.190615
c16-w4-r1,16,4,1,a941b820-e020-483e-85d5-1e023366f6e6,ae6e21f9-fc50-4416-8a09-78721009015c,C,SUCCEEDED,36748783386,47989633141,48035913859,49832885986,11240.849755
c16-w4-r1,16,4,1,a941b820-e020-483e-85d5-1e023366f6e6,ae6e21f9-fc50-4416-8a09-78721009015c,D,SUCCEEDED,36748794990,48448865905,48495782611,49843753234,11700.070915
c16-w4-r1,16,4,1,a941b820-e020-483e-85d5-1e023366f6e6,ae6e21f9-fc50-4416-8a09-78721009015c,E,SUCCEEDED,49843834970,51528252732,51531829447,51821259266,1684.417762
c16-w4-r1,16,4,1,a941b820-e020-483e-85d5-1e023366f6e6,ae6e21f9-fc50-4416-8a09-78721009015c,F,SUCCEEDED,51821410312,54889370729,54939895835,55473227335,3067.960417
c16-w4-r1,16,4,1,a941b820-e020-483e-85d5-1e023366f6e6,7f053f26-eab4-4839-be7b-5d93fc283ea5,A,SUCCEEDED,35882855339,36514228267,36558927682,36915768914,631.372928
c16-w4-r1,16,4,1,a941b820-e020-483e-85d5-1e023366f6e6,7f053f26-eab4-4839-be7b-5d93fc283ea5,B,SUCCEEDED,36915858636,49164795031,49212208115,49866601801,12248.936395
c16-w4-r1,16,4,1,a941b820-e020-483e-85d5-1e023366f6e6,7f053f26-eab4-4839-be7b-5d93fc283ea5,C,SUCCEEDED,36915877439,49591143004,49640206986,49904348278,12675.265565
c16-w4-r1,16,4,1,a941b820-e020-483e-85d5-1e023366f6e6,7f053f26-eab4-4839-be7b-5d93fc283ea5,D,SUCCEEDED,36915885849,49837591589,49883987636,50070061530,12921.70574
c16-w4-r1,16,4,1,a941b820-e020-483e-85d5-1e023366f6e6,7f053f26-eab4-4839-be7b-5d93fc283ea5,E,SUCCEEDED,50070106141,51694210472,51697465250,51980173342,1624.104331
c16-w4-r1,16,4,1,a941b820-e020-483e-85d5-1e023366f6e6,7f053f26-eab4-4839-be7b-5d93fc283ea5,F,SUCCEEDED,51980208643,55047999238,55091242445,55735316948,3067.790595
c16-w4-r1,16,4,1,a941b820-e020-483e-85d5-1e023366f6e6,7284fb46-0972-4f7c-9c49-3a44d84180ec,A,SUCCEEDED,35916018796,36611466704,36658610985,37505179988,695.447908
c16-w4-r1,16,4,1,a941b820-e020-483e-85d5-1e023366f6e6,7284fb46-0972-4f7c-9c49-3a44d84180ec,B,SUCCEEDED,37505229274,50075088415,50124219652,50316957048,12569.859141
c16-w4-r1,16,4,1,a941b820-e020-483e-85d5-1e023366f6e6,7284fb46-0972-4f7c-9c49-3a44d84180ec,C,SUCCEEDED,37505247128,50103482810,50152339383,50370420290,12598.235682
c16-w4-r1,16,4,1,a941b820-e020-483e-85d5-1e023366f6e6,7284fb46-0972-4f7c-9c49-3a44d84180ec,D,SUCCEEDED,37505278742,50129935739,50175512872,50383115233,12624.656997
c16-w4-r1,16,4,1,a941b820-e020-483e-85d5-1e023366f6e6,7284fb46-0972-4f7c-9c49-3a44d84180ec,E,SUCCEEDED,50383224367,51814935416,51819128475,52111278228,1431.711049
c16-w4-r1,16,4,1,a941b820-e020-483e-85d5-1e023366f6e6,7284fb46-0972-4f7c-9c49-3a44d84180ec,F,SUCCEEDED,52111362731,55338322182,55383784279,55896284925,3226.959451
c16-w4-r1,16,4,1,a941b820-e020-483e-85d5-1e023366f6e6,e85974e9-3591-4530-a8eb-f31a2e49c67c,A,SUCCEEDED,35909397993,36551298472,36595224530,36921853837,641.900479
c16-w4-r1,16,4,1,a941b820-e020-483e-85d5-1e023366f6e6,e85974e9-3591-4530-a8eb-f31a2e49c67c,B,SUCCEEDED,36921894803,49848603276,49899875777,50098163305,12926.708473
c16-w4-r1,16,4,1,a941b820-e020-483e-85d5-1e023366f6e6,e85974e9-3591-4530-a8eb-f31a2e49c67c,C,SUCCEEDED,36921913843,49871473746,49920294906,50121927739,12949.559903
c16-w4-r1,16,4,1,a941b820-e020-483e-85d5-1e023366f6e6,e85974e9-3591-4530-a8eb-f31a2e49c67c,D,SUCCEEDED,36921922259,49909112442,49960718588,50156583766,12987.190183
c16-w4-r1,16,4,1,a941b820-e020-483e-85d5-1e023366f6e6,e85974e9-3591-4530-a8eb-f31a2e49c67c,E,SUCCEEDED,50156645907,51772177305,51781120537,52061569490,1615.531398
c16-w4-r1,16,4,1,a941b820-e020-483e-85d5-1e023366f6e6,e85974e9-3591-4530-a8eb-f31a2e49c67c,F,SUCCEEDED,52061634947,55205536553,55255177874,56824009488,3143.901606
c16-w4-r1,16,4,1,a941b820-e020-483e-85d5-1e023366f6e6,4a5a371d-c551-4a7b-8b49-03b2a0b868bc,A,SUCCEEDED,35936259729,36752221150,36799923686,38553532273,815.961421
c16-w4-r1,16,4,1,a941b820-e020-483e-85d5-1e023366f6e6,4a5a371d-c551-4a7b-8b49-03b2a0b868bc,B,SUCCEEDED,38553570411,50162481282,50212269031,50412645108,11608.910871
c16-w4-r1,16,4,1,a941b820-e020-483e-85d5-1e023366f6e6,4a5a371d-c551-4a7b-8b49-03b2a0b868bc,C,SUCCEEDED,38553586450,50323410005,50372808170,50571507098,11769.823555
c16-w4-r1,16,4,1,a941b820-e020-483e-85d5-1e023366f6e6,4a5a371d-c551-4a7b-8b49-03b2a0b868bc,D,SUCCEEDED,38553592259,50375502398,50422498589,50651926790,11821.910139
c16-w4-r1,16,4,1,a941b820-e020-483e-85d5-1e023366f6e6,4a5a371d-c551-4a7b-8b49-03b2a0b868bc,E,SUCCEEDED,50652002207,51825484797,51829282264,52122109915,1173.48259
c16-w4-r1,16,4,1,a941b820-e020-483e-85d5-1e023366f6e6,4a5a371d-c551-4a7b-8b49-03b2a0b868bc,F,SUCCEEDED,52122172774,55475951200,55523042922,57251680920,3353.778426
c16-w4-r1,16,4,1,a941b820-e020-483e-85d5-1e023366f6e6,6ef45458-2c54-4d5c-9f49-becddf15cb79,A,SUCCEEDED,35994911354,38808999759,38855786485,39685002989,2814.088405
c16-w4-r1,16,4,1,a941b820-e020-483e-85d5-1e023366f6e6,6ef45458-2c54-4d5c-9f49-becddf15cb79,B,SUCCEEDED,39685057590,50697740974,50743305894,50950838460,11012.683384
c16-w4-r1,16,4,1,a941b820-e020-483e-85d5-1e023366f6e6,6ef45458-2c54-4d5c-9f49-becddf15cb79,C,SUCCEEDED,39685078560,50708259399,50756041981,50956948896,11023.180839
c16-w4-r1,16,4,1,a941b820-e020-483e-85d5-1e023366f6e6,6ef45458-2c54-4d5c-9f49-becddf15cb79,D,SUCCEEDED,39685088023,50826443490,50872948717,51096091145,11141.355467
c16-w4-r1,16,4,1,a941b820-e020-483e-85d5-1e023366f6e6,6ef45458-2c54-4d5c-9f49-becddf15cb79,E,SUCCEEDED,51096215773,52115431653,52119694247,52490598989,1019.21588
c16-w4-r1,16,4,1,a941b820-e020-483e-85d5-1e023366f6e6,6ef45458-2c54-4d5c-9f49-becddf15cb79,F,SUCCEEDED,52490649513,55900680904,55951155081,57542574483,3410.031391
c16-w4-r1,16,4,1,a941b820-e020-483e-85d5-1e023366f6e6,f0c45255-3b9d-45ce-b12d-66ff6136311a,A,SUCCEEDED,35952286422,38556638586,38603986275,39505845259,2604.352164
c16-w4-r1,16,4,1,a941b820-e020-483e-85d5-1e023366f6e6,f0c45255-3b9d-45ce-b12d-66ff6136311a,B,SUCCEEDED,39505918542,50418549947,50475237354,50692203902,10912.631405
c16-w4-r1,16,4,1,a941b820-e020-483e-85d5-1e023366f6e6,f0c45255-3b9d-45ce-b12d-66ff6136311a,C,SUCCEEDED,39505945011,50577266226,50629361804,50822759381,11071.321215
c16-w4-r1,16,4,1,a941b820-e020-483e-85d5-1e023366f6e6,f0c45255-3b9d-45ce-b12d-66ff6136311a,D,SUCCEEDED,39505958139,50660021036,50707791555,50919144539,11154.062897
c16-w4-r1,16,4,1,a941b820-e020-483e-85d5-1e023366f6e6,f0c45255-3b9d-45ce-b12d-66ff6136311a,E,SUCCEEDED,50919208239,52066055450,52069735083,52619082324,1146.847211
c16-w4-r1,16,4,1,a941b820-e020-483e-85d5-1e023366f6e6,f0c45255-3b9d-45ce-b12d-66ff6136311a,F,SUCCEEDED,52619134413,56827294420,56870918627,57941310787,4208.160007
c16-w4-r1,16,4,1,a941b820-e020-483e-85d5-1e023366f6e6,1d744934-be9b-4f30-a31a-e5f9a64e727c,A,SUCCEEDED,36011170352,38943940608,38991452154,39939635671,2932.770256
c16-w4-r1,16,4,1,a941b820-e020-483e-85d5-1e023366f6e6,1d744934-be9b-4f30-a31a-e5f9a64e727c,B,SUCCEEDED,39939711018,50924714501,50972095697,51186614531,10985.003483
c16-w4-r1,16,4,1,a941b820-e020-483e-85d5-1e023366f6e6,1d744934-be9b-4f30-a31a-e5f9a64e727c,C,SUCCEEDED,39939731795,50954981167,51004211375,51234011027,11015.249372
c16-w4-r1,16,4,1,a941b820-e020-483e-85d5-1e023366f6e6,1d744934-be9b-4f30-a31a-e5f9a64e727c,D,SUCCEEDED,39939740197,50960583580,51011613217,51218336546,11020.843383
c16-w4-r1,16,4,1,a941b820-e020-483e-85d5-1e023366f6e6,1d744934-be9b-4f30-a31a-e5f9a64e727c,E,SUCCEEDED,51234089335,52126060114,52130365600,53260189274,891.970779
c16-w4-r1,16,4,1,a941b820-e020-483e-85d5-1e023366f6e6,1d744934-be9b-4f30-a31a-e5f9a64e727c,F,SUCCEEDED,53260244601,57255008857,57299479139,58076760673,3994.764256
c16-w4-r1,16,4,1,a941b820-e020-483e-85d5-1e023366f6e6,367aca4c-a2e6-414b-80f7-b79cf9582cad,A,SUCCEEDED,52309288928,55745173234,55792454942,57311606734,3435.884306
c16-w4-r1,16,4,1,a941b820-e020-483e-85d5-1e023366f6e6,367aca4c-a2e6-414b-80f7-b79cf9582cad,B,SUCCEEDED,57311640462,58271091062,58320349255,59694422018,959.4506
c16-w4-r1,16,4,1,a941b820-e020-483e-85d5-1e023366f6e6,367aca4c-a2e6-414b-80f7-b79cf9582cad,C,SUCCEEDED,57311659121,58319977326,58367850518,59820265742,1008.318205
c16-w4-r1,16,4,1,a941b820-e020-483e-85d5-1e023366f6e6,367aca4c-a2e6-414b-80f7-b79cf9582cad,D,SUCCEEDED,57311680047,58389353847,58436239635,59838088003,1077.6738
c16-w4-r1,16,4,1,a941b820-e020-483e-85d5-1e023366f6e6,367aca4c-a2e6-414b-80f7-b79cf9582cad,E,SUCCEEDED,59838139639,65215743318,65218565725,68287157342,5377.603679
c16-w4-r1,16,4,1,a941b820-e020-483e-85d5-1e023366f6e6,367aca4c-a2e6-414b-80f7-b79cf9582cad,F,SUCCEEDED,68287211483,69354959019,69398451316,69643778462,1067.747536
c16-w4-r1,16,4,1,a941b820-e020-483e-85d5-1e023366f6e6,9e72ae9f-72ea-4fbe-90cc-8138539462fb,A,SUCCEEDED,54401514522,57315123393,57359703553,58004090164,2913.608871
c16-w4-r1,16,4,1,a941b820-e020-483e-85d5-1e023366f6e6,9e72ae9f-72ea-4fbe-90cc-8138539462fb,B,SUCCEEDED,58004154707,58489262270,58537872904,59851272045,485.107563
c16-w4-r1,16,4,1,a941b820-e020-483e-85d5-1e023366f6e6,9e72ae9f-72ea-4fbe-90cc-8138539462fb,C,SUCCEEDED,58004187410,59699389218,59743591981,60009681567,1695.201808
c16-w4-r1,16,4,1,a941b820-e020-483e-85d5-1e023366f6e6,9e72ae9f-72ea-4fbe-90cc-8138539462fb,D,SUCCEEDED,58004254196,59823976116,59871682402,60060023893,1819.72192
c16-w4-r1,16,4,1,a941b820-e020-483e-85d5-1e023366f6e6,9e72ae9f-72ea-4fbe-90cc-8138539462fb,E,SUCCEEDED,60060123023,65314609478,65317454219,68433682599,5254.486455
c16-w4-r1,16,4,1,a941b820-e020-483e-85d5-1e023366f6e6,9e72ae9f-72ea-4fbe-90cc-8138539462fb,F,SUCCEEDED,68433729579,69365812839,69411065961,69763129054,932.08326
c16-w4-r1,16,4,1,a941b820-e020-483e-85d5-1e023366f6e6,293b9934-1d6b-4d8b-ad04-ef323ccbcae1,A,SUCCEEDED,54730797695,57545492605,57594986682,58116793250,2814.69491
c16-w4-r1,16,4,1,a941b820-e020-483e-85d5-1e023366f6e6,293b9934-1d6b-4d8b-ad04-ef323ccbcae1,B,SUCCEEDED,58116829735,59842020973,59891605703,60361983182,1725.191238
c16-w4-r1,16,4,1,a941b820-e020-483e-85d5-1e023366f6e6,293b9934-1d6b-4d8b-ad04-ef323ccbcae1,C,SUCCEEDED,58116844411,59854142286,59903150762,60278981415,1737.297875
c16-w4-r1,16,4,1,a941b820-e020-483e-85d5-1e023366f6e6,293b9934-1d6b-4d8b-ad04-ef323ccbcae1,D,SUCCEEDED,58116849264,60014032677,60061293348,60468916078,1897.183413
c16-w4-r1,16,4,1,a941b820-e020-483e-85d5-1e023366f6e6,293b9934-1d6b-4d8b-ad04-ef323ccbcae1,E,SUCCEEDED,60468980084,65439246915,65443878391,68769999214,4970.266831
c16-w4-r1,16,4,1,a941b820-e020-483e-85d5-1e023366f6e6,293b9934-1d6b-4d8b-ad04-ef323ccbcae1,F,SUCCEEDED,68770055676,69515442039,69563120460,70504013096,745.386363
c16-w4-r1,16,4,1,a941b820-e020-483e-85d5-1e023366f6e6,8bdbb0b6-ce56-44bb-9147-c44586e6c831,A,SUCCEEDED,55020851548,58007349587,58051600326,58267579274,2986.498039
c16-w4-r1,16,4,1,a941b820-e020-483e-85d5-1e023366f6e6,8bdbb0b6-ce56-44bb-9147-c44586e6c831,B,SUCCEEDED,58267627636,60473728088,60518727523,62401906214,2206.100452
c16-w4-r1,16,4,1,a941b820-e020-483e-85d5-1e023366f6e6,8bdbb0b6-ce56-44bb-9147-c44586e6c831,C,SUCCEEDED,58267733934,60481265548,60526465241,62454710499,2213.531614
c16-w4-r1,16,4,1,a941b820-e020-483e-85d5-1e023366f6e6,8bdbb0b6-ce56-44bb-9147-c44586e6c831,D,SUCCEEDED,58267745380,60865679665,60916577608,62538843885,2597.934285
c16-w4-r1,16,4,1,a941b820-e020-483e-85d5-1e023366f6e6,8bdbb0b6-ce56-44bb-9147-c44586e6c831,E,SUCCEEDED,62538906739,68290687761,68293525368,69313167492,5751.781022
c16-w4-r1,16,4,1,a941b820-e020-483e-85d5-1e023366f6e6,8bdbb0b6-ce56-44bb-9147-c44586e6c831,F,SUCCEEDED,69313201922,69646724976,69690915857,71121296923,333.523054
c16-w4-r1,16,4,1,a941b820-e020-483e-85d5-1e023366f6e6,5b808c4d-7e1d-41b7-aac2-5306a25dfd1b,A,SUCCEEDED,55221929740,58080189837,58131039566,58315530546,2858.260097
c16-w4-r1,16,4,1,a941b820-e020-483e-85d5-1e023366f6e6,5b808c4d-7e1d-41b7-aac2-5306a25dfd1b,B,SUCCEEDED,58315590266,62362832166,62407512497,62724784181,4047.2419
c16-w4-r1,16,4,1,a941b820-e020-483e-85d5-1e023366f6e6,5b808c4d-7e1d-41b7-aac2-5306a25dfd1b,C,SUCCEEDED,58315628314,62406550598,62452141267,62914432910,4090.922284
c16-w4-r1,16,4,1,a941b820-e020-483e-85d5-1e023366f6e6,5b808c4d-7e1d-41b7-aac2-5306a25dfd1b,D,SUCCEEDED,58315658111,62458084141,62507625986,62957483636,4142.42603
c16-w4-r1,16,4,1,a941b820-e020-483e-85d5-1e023366f6e6,5b808c4d-7e1d-41b7-aac2-5306a25dfd1b,E,SUCCEEDED,62957542945,68437194132,68440123368,69351963298,5479.651187
c16-w4-r1,16,4,1,a941b820-e020-483e-85d5-1e023366f6e6,5b808c4d-7e1d-41b7-aac2-5306a25dfd1b,F,SUCCEEDED,69352039047,69780404826,69827760850,71221413632,428.365779
c16-w4-r1,16,4,1,a941b820-e020-483e-85d5-1e023366f6e6,4be441da-3e53-465f-b6de-5a29b7f9dcc6,A,SUCCEEDED,54900031430,57945528967,57991784292,58236695116,3045.497537
c16-w4-r1,16,4,1,a941b820-e020-483e-85d5-1e023366f6e6,4be441da-3e53-465f-b6de-5a29b7f9dcc6,B,SUCCEEDED,58236742464,60064205818,60107474649,60477420211,1827.463354
c16-w4-r1,16,4,1,a941b820-e020-483e-85d5-1e023366f6e6,4be441da-3e53-465f-b6de-5a29b7f9dcc6,C,SUCCEEDED,58236763161,60281660976,60327036714,60860871586,2044.897815
c16-w4-r1,16,4,1,a941b820-e020-483e-85d5-1e023366f6e6,4be441da-3e53-465f-b6de-5a29b7f9dcc6,D,SUCCEEDED,58236771133,60365352819,60411639444,62359561126,2128.581686
c16-w4-r1,16,4,1,a941b820-e020-483e-85d5-1e023366f6e6,4be441da-3e53-465f-b6de-5a29b7f9dcc6,E,SUCCEEDED,62359614260,66443663240,66446628716,69362857830,4084.04898
c16-w4-r1,16,4,1,a941b820-e020-483e-85d5-1e023366f6e6,4be441da-3e53-465f-b6de-5a29b7f9dcc6,F,SUCCEEDED,69362894622,69930947294,69976354170,71369481971,568.052672
c16-w4-r1,16,4,1,a941b820-e020-483e-85d5-1e023366f6e6,92ee18be-b9a0-45ef-95ff-54b66e94101f,A,SUCCEEDED,55321820200,58120773866,58171193794,58384756618,2798.953666
c16-w4-r1,16,4,1,a941b820-e020-483e-85d5-1e023366f6e6,92ee18be-b9a0-45ef-95ff-54b66e94101f,B,SUCCEEDED,58384814299,62542536357,62587361864,63232447215,4157.722058
c16-w4-r1,16,4,1,a941b820-e020-483e-85d5-1e023366f6e6,92ee18be-b9a0-45ef-95ff-54b66e94101f,C,SUCCEEDED,58384837382,62728201153,62771232285,65192881331,4343.363771
c16-w4-r1,16,4,1,a941b820-e020-483e-85d5-1e023366f6e6,92ee18be-b9a0-45ef-95ff-54b66e94101f,D,SUCCEEDED,58384845864,62917376311,62963276704,65435209640,4532.530447
c16-w4-r1,16,4,1,a941b820-e020-483e-85d5-1e023366f6e6,92ee18be-b9a0-45ef-95ff-54b66e94101f,E,SUCCEEDED,65435256821,68773806089,68777280519,69512143715,3338.549268
c16-w4-r1,16,4,1,a941b820-e020-483e-85d5-1e023366f6e6,92ee18be-b9a0-45ef-95ff-54b66e94101f,F,SUCCEEDED,69512177705,70507665192,70552622397,71372101440,995.487487
c16-w4-r1,16,4,1,a941b820-e020-483e-85d5-1e023366f6e6,91564d2d-6a47-4873-9ff9-d0193a4e512d,A,SUCCEEDED,55392781551,58240378724,58291402154,58485911194,2847.597173
c16-w4-r1,16,4,1,a941b820-e020-483e-85d5-1e023366f6e6,91564d2d-6a47-4873-9ff9-d0193a4e512d,B,SUCCEEDED,58485978402,62961157588,63007310833,65311362879,4475.179186
c16-w4-r1,16,4,1,a941b820-e020-483e-85d5-1e023366f6e6,91564d2d-6a47-4873-9ff9-d0193a4e512d,C,SUCCEEDED,58486010782,63235688072,63279373138,65212744749,4749.67729
c16-w4-r1,16,4,1,a941b820-e020-483e-85d5-1e023366f6e6,91564d2d-6a47-4873-9ff9-d0193a4e512d,D,SUCCEEDED,58486028333,65199830770,65243353932,66440075228,6713.802437
c16-w4-r1,16,4,1,a941b820-e020-483e-85d5-1e023366f6e6,91564d2d-6a47-4873-9ff9-d0193a4e512d,E,SUCCEEDED,66440134738,69320768451,69323563559,69926892666,2880.633713
c16-w4-r1,16,4,1,a941b820-e020-483e-85d5-1e023366f6e6,91564d2d-6a47-4873-9ff9-d0193a4e512d,F,SUCCEEDED,69926945676,71125119166,71174899127,71780676224,1198.17349
