utc,free_mb,total_mb,cpu_load_pct,vmmem_mb
2026-10-03T22:46:26.2391798Z,2387,16069,19,2550
2026-10-03T22:46:37.4793891Z,2064,16069,7,2808
2026-10-03T22:46:48.8174221Z,2023,16069,65,2923
2026-10-03T22:47:00.1062416Z,2018,16069,77,2958
2026-10-03T22:47:11.4355928Z,2000,16069,61,2979
2026-10-03T22:47:22.7225860Z,1971,16069,74,2994
2026-10-03T22:47:33.9862265Z,1982,16069,70,2912
2026-10-03T22:47:45.3972833Z,1966,16069,85,3005
2026-10-03T22:47:56.8432681Z,1924,16069,80,3034
2026-10-03T22:48:08.1433153Z,1987,16069,68,2921
2026-10-03T22:48:19.4504562Z,2036,16069,14,2887
2026-10-03T22:48:30.7327543Z,2031,16069,5,2880
2026-10-03T22:48:42.1033340Z,2039,16069,11,2881
2026-10-03T22:48:53.4261335Z,2065,16069,66,2882
2026-10-03T22:49:04.8908344Z,2092,16069,87,2883
2026-10-03T22:49:16.2332158Z,2071,16069,60,2893
2026-10-03T22:49:27.5725695Z,2088,16069,90,2897
2026-10-03T22:49:38.9095473Z,2140,16069,59,2898
2026-10-03T22:49:50.2047412Z,2141,16069,77,2899
2026-10-03T22:50:01.5182065Z,2105,16069,71,2900
2026-10-03T22:50:12.7998728Z,2171,16069,74,2910
2026-10-03T22:50:24.0590058Z,2091,16069,8,2912
2026-10-03T22:50:35.4060390Z,2089,16069,21,2914
2026-10-03T22:50:46.7528929Z,2173,16069,9,2915
2026-10-03T22:50:58.1049663Z,2149,16069,68,2915
2026-10-03T22:51:09.3866275Z,2167,16069,73,2915
2026-10-03T22:51:20.6283494Z,2120,16069,64,2917
2026-10-03T22:51:31.9028048Z,2100,16069,60,2913
2026-10-03T22:51:43.2186138Z,2126,16069,73,2915
2026-10-03T22:51:54.4815668Z,2127,16069,69,2916
2026-10-03T22:52:05.7614057Z,2136,16069,59,2917
2026-10-03T22:52:17.0518741Z,2161,16069,79,2917
2026-10-03T22:52:28.2855824Z,2112,16069,2,2919
2026-10-03T22:52:39.5815469Z,2120,16069,1,2920
2026-10-03T22:52:50.8698910Z,2139,16069,71,2920
2026-10-03T22:53:02.1414758Z,2134,16069,71,2921
2026-10-03T22:53:13.4528802Z,2123,16069,73,2922
2026-10-03T22:53:24.7248591Z,2026,16069,56,2931
2026-10-03T22:53:36.1419990Z,2050,16069,84,2932
2026-10-03T22:53:47.4321204Z,2043,16069,71,2949
2026-10-03T22:53:58.8056676Z,2016,16069,74,2971
2026-10-03T22:54:10.1518505Z,2032,16069,71,2996
2026-10-03T22:54:21.4259086Z,1965,16069,70,2992
2026-10-03T22:54:32.8012364Z,2090,16069,51,2992
2026-10-03T22:54:44.1509529Z,2166,16069,0,2993
2026-10-03T22:54:55.4310871Z,2161,16069,71,2993
2026-10-03T22:55:06.7121951Z,2142,16069,72,2994
2026-10-03T22:55:17.9515888Z,2065,16069,72,2996
2026-10-03T22:55:29.3847251Z,2096,16069,80,2996
2026-10-03T22:55:40.6607121Z,2115,16069,77,2997
2026-10-03T22:55:51.9302501Z,2123,16069,79,3001
2026-10-03T22:56:03.2200749Z,2136,16069,79,3012
2026-10-03T22:56:14.5078078Z,2097,16069,77,3016
2026-10-03T22:56:25.8321440Z,2107,16069,1,3016
2026-10-03T22:56:37.1353477Z,2094,16069,2,3016
2026-10-03T22:56:48.4351841Z,2114,16069,31,3017
2026-10-03T22:56:59.8119875Z,2082,16069,83,3019
2026-10-03T22:57:11.1097063Z,2073,16069,63,3018
2026-10-03T22:57:22.4254666Z,2104,16069,83,3018
2026-10-03T22:57:33.7496343Z,2096,16069,71,3018
2026-10-03T22:57:45.0622051Z,2075,16069,40,3018
2026-10-03T22:57:56.3930107Z,2015,16069,69,3020
2026-10-03T22:58:07.6516414Z,2034,16069,58,3020
2026-10-03T22:58:19.0761192Z,2083,16069,9,3042
2026-10-03T22:58:30.4517299Z,2052,16069,22,3057
2026-10-03T22:58:41.8018233Z,2053,16069,26,3056
2026-10-03T22:58:53.0471102Z,2004,16069,63,3043
2026-10-03T22:59:04.2838091Z,2072,16069,71,3013
2026-10-03T22:59:15.6356655Z,2076,16069,85,3033
2026-10-03T22:59:27.0272973Z,2311,16069,63,3053
2026-10-03T22:59:38.4807921Z,2221,16069,77,3059
2026-10-03T22:59:49.8549409Z,2200,16069,68,3035
2026-10-03T23:00:01.2096577Z,2227,16069,80,3014
2026-10-03T23:00:12.5614770Z,2234,16069,74,3033
2026-10-03T23:00:23.9481134Z,2220,16069,5,3048
2026-10-03T23:00:35.2694303Z,2228,16069,6,3059
2026-10-03T23:00:46.5433849Z,2898,16069,5,2691
2026-10-03T23:00:57.9435242Z,2916,16069,77,2702
2026-10-03T23:01:09.4137426Z,2837,16069,69,2726
2026-10-03T23:01:20.8685736Z,2753,16069,85,2751
2026-10-03T23:01:32.2615676Z,2751,16069,80,2757
2026-10-03T23:01:43.5129493Z,2676,16069,41,2744
2026-10-03T23:01:54.9286116Z,2713,16069,83,2745
2026-10-03T23:02:06.2759306Z,2747,16069,80,2746
2026-10-03T23:02:17.6592695Z,2739,16069,80,2741
2026-10-03T23:02:29.0618105Z,2663,16069,20,2752
2026-10-03T23:02:40.3501372Z,2637,16069,4,2744
2026-10-03T23:02:51.7495623Z,2696,16069,79,2740
2026-10-03T23:03:03.0505657Z,2761,16069,68,2740
2026-10-03T23:03:14.3929699Z,2752,16069,76,2740
2026-10-03T23:03:25.6753859Z,2775,16069,66,2740
2026-10-03T23:03:36.9401965Z,2723,16069,55,2740
2026-10-03T23:03:48.2244778Z,2734,16069,56,2737
2026-10-03T23:03:59.6018068Z,2772,16069,76,2738
2026-10-03T23:04:10.9211352Z,2760,16069,79,2738
2026-10-03T23:04:22.2429249Z,2766,16069,5,2738
2026-10-03T23:04:33.6056738Z,2896,16069,15,2738
2026-10-03T23:04:44.8516980Z,2849,16069,2,2736
2026-10-03T23:04:56.1482274Z,2919,16069,68,2736
2026-10-03T23:05:07.4554643Z,2925,16069,68,2736
2026-10-03T23:05:18.7748617Z,2874,16069,66,2736
2026-10-03T23:05:30.1109535Z,2867,16069,80,2737
2026-10-03T23:05:41.3797882Z,2845,16069,79,2736
2026-10-03T23:05:52.7241267Z,2867,16069,65,2735
2026-10-03T23:06:04.0185278Z,2905,16069,65,2736
2026-10-03T23:06:15.2847618Z,2884,16069,74,2736
2026-10-03T23:06:26.5874681Z,2874,16069,23,2736
2026-10-03T23:06:37.8544888Z,2802,16069,1,2735
2026-10-03T23:06:49.2676631Z,2784,16069,77,2735
2026-10-03T23:07:00.6595540Z,2831,16069,82,2735
2026-10-03T23:07:11.9577034Z,2835,16069,80,2735
2026-10-03T23:07:23.2593933Z,2817,16069,65,2736
2026-10-03T23:07:34.5548330Z,2758,16069,76,2736
2026-10-03T23:07:45.8302897Z,2746,16069,63,2735
2026-10-03T23:07:57.2282208Z,2730,16069,80,2735
2026-10-03T23:08:08.5717431Z,2743,16069,77,2735
2026-10-03T23:08:20.0042820Z,2714,16069,14,2732
2026-10-03T23:08:31.3553158Z,2719,16069,9,2732
2026-10-03T23:08:42.7609774Z,2741,16069,62,2733
2026-10-03T23:08:54.1442191Z,2764,16069,79,2733
2026-10-03T23:09:05.3967250Z,2714,16069,73,2734
2026-10-03T23:09:16.7548917Z,2724,16069,71,2735
2026-10-03T23:09:28.1773860Z,2733,16069,84,2735
2026-10-03T23:09:39.5791636Z,2735,16069,74,2735
2026-10-03T23:09:50.8178869Z,2745,16069,62,2734
2026-10-03T23:10:02.1942506Z,2765,16069,79,2733
2026-10-03T23:10:13.6056167Z,2787,16069,82,2733
2026-10-03T23:10:24.9750281Z,2785,16069,45,2733
2026-10-03T23:10:36.3199086Z,2690,16069,5,2733
2026-10-03T23:10:47.6821700Z,2716,16069,7,2734
2026-10-03T23:10:59.0726863Z,2704,16069,63,2734
2026-10-03T23:11:10.3708854Z,2707,16069,85,2734
2026-10-03T23:11:21.6433365Z,2662,16069,52,2734
2026-10-03T23:11:33.0524601Z,2669,16069,85,2734
2026-10-03T23:11:44.4905247Z,2655,16069,83,2771
2026-10-03T23:11:55.8381790Z,2577,16069,57,2747
2026-10-03T23:12:07.2399024Z,2640,16069,76,2746
2026-10-03T23:12:18.6956236Z,2622,16069,35,2767
2026-10-03T23:12:30.0786275Z,2590,16069,21,2764
2026-10-03T23:12:41.3786078Z,2609,16069,4,2750
2026-10-03T23:12:52.7538173Z,2641,16069,67,2750
2026-10-03T23:13:04.2543640Z,2626,16069,77,2766
2026-10-03T23:13:15.6171157Z,2602,16069,68,2756
2026-10-03T23:13:27.0225693Z,2684,16069,85,2756
2026-10-03T23:13:38.4848418Z,2674,16069,71,2764
2026-10-03T23:13:49.9071852Z,2622,16069,77,2767
2026-10-03T23:14:01.1920473Z,2657,16069,60,2761
2026-10-03T23:14:12.6024196Z,2739,16069,83,2761
2026-10-03T23:14:24.0888231Z,2661,16069,39,2772
2026-10-03T23:14:35.3893949Z,2641,16069,12,2760
2026-10-03T23:14:46.8282155Z,2701,16069,28,2760
2026-10-03T23:14:58.1433800Z,2765,16069,80,2760
2026-10-03T23:15:09.4781840Z,2798,16069,85,2760
2026-10-03T23:15:20.7812324Z,2807,16069,76,2760
2026-10-03T23:15:32.1808719Z,2743,16069,82,2760
2026-10-03T23:15:43.4457339Z,2873,16069,73,2676
2026-10-03T23:15:54.7530218Z,2881,16069,79,2702
2026-10-03T23:16:06.0825870Z,2858,16069,62,2714
2026-10-03T23:16:17.4507612Z,2861,16069,62,2719
2026-10-03T23:16:28.9304833Z,2798,16069,41,2722
2026-10-03T23:16:40.1987041Z,2786,16069,4,2721
2026-10-03T23:16:51.4980020Z,2676,16069,63,2723
2026-10-03T23:17:02.7611015Z,2890,16069,2,2724
2026-10-03T23:17:14.0959325Z,2782,16069,62,2725
2026-10-03T23:17:25.3848884Z,2707,16069,1,2726
2026-10-03T23:17:36.6874908Z,2595,16069,16,2726
2026-10-03T23:17:48.0900773Z,2605,16069,58,2727
2026-10-03T23:17:59.3762970Z,2645,16069,57,2728
2026-10-03T23:18:10.6096458Z,2644,16069,60,2728
2026-10-03T23:18:21.8738915Z,2560,16069,2,2728
2026-10-03T23:18:33.1928439Z,2454,16069,40,2727
2026-10-03T23:18:44.5197097Z,2422,16069,8,2727
2026-10-03T23:18:55.8276537Z,2491,16069,49,2727
2026-10-03T23:19:07.0861982Z,2525,16069,45,2727
2026-10-03T23:19:18.3928377Z,2538,16069,64,2727
2026-10-03T23:19:29.6140989Z,2489,16069,32,2728
2026-10-03T23:19:40.8271584Z,2488,16069,18,2727
2026-10-03T23:19:52.2000475Z,2465,16069,68,2729
2026-10-03T23:20:03.5472421Z,2456,16069,73,2731
2026-10-03T23:20:14.7677691Z,2415,16069,23,2730
2026-10-03T23:20:26.1051106Z,2387,16069,15,2731
2026-10-03T23:20:37.3843746Z,2368,16069,7,2731
2026-10-03T23:20:48.7702165Z,2380,16069,51,2731
2026-10-03T23:21:00.0507700Z,2360,16069,64,2730
2026-10-03T23:21:11.3745482Z,2385,16069,54,2730
2026-10-03T23:21:22.7387956Z,2361,16069,45,2731
2026-10-03T23:21:33.9637367Z,2326,16069,43,2731
2026-10-03T23:21:45.2198091Z,2367,16069,31,2731
2026-10-03T23:21:56.5037118Z,2380,16069,56,2731
2026-10-03T23:22:07.8178720Z,2350,16069,68,2732
2026-10-03T23:22:19.0371748Z,2369,16069,2,2732
2026-10-03T23:22:30.3700631Z,2359,16069,25,2732
2026-10-03T23:22:41.7917615Z,2404,16069,1,2732
2026-10-03T23:22:53.1879991Z,2398,16069,79,2732
2026-10-03T23:23:04.5151473Z,2328,16069,54,2733
2026-10-03T23:23:15.8831284Z,2376,16069,82,2734
2026-10-03T23:23:27.2236161Z,2345,16069,57,2764
2026-10-03T23:23:38.4423806Z,2347,16069,17,2748
2026-10-03T23:23:49.8118402Z,2379,16069,70,2749
2026-10-03T23:24:01.2204250Z,2360,16069,74,2761
2026-10-03T23:24:12.4355987Z,2348,16069,34,2751
2026-10-03T23:24:23.8259103Z,2367,16069,16,2751
2026-10-03T23:24:35.2408858Z,2370,16069,0,2753
2026-10-03T23:24:46.5296826Z,2334,16069,2,2759
2026-10-03T23:24:57.7495362Z,2359,16069,27,2754
2026-10-03T23:25:09.1424334Z,2399,16069,67,2755
2026-10-03T23:25:20.3857433Z,2330,16069,57,2762
2026-10-03T23:25:31.5895066Z,2374,16069,23,2757
2026-10-03T23:25:42.9020863Z,2385,16069,79,2758
2026-10-03T23:25:54.2109187Z,2382,16069,68,2768
