configuration,concurrency,workers,repetition,scheduler_run_id,status,error,completed_jobs,incomplete_jobs,logical_successes,max_in_flight,correct_outputs,batch_interval_ns,tasks_per_second,job_p50_ms,job_p95_ms,scheduling_p50_ms,scheduling_p95_ms,wall_seconds
c1-w1-r1,1,1,1,d7ac0de2-8adb-444f-9b30-89440edfa304,complete,,24,0,144,1,24,34537886377,4.169334464424398,1401.330663,1459.838777,5.308111,453.161138,61.4
c1-w1-r2,1,1,2,7b50f1aa-fb62-4ffb-9b25-c142b58492ae,complete,,24,0,144,1,24,34432079054,4.182146531847934,1392.926424,1444.412868,5.562183,449.736577,60.8
c1-w1-r3,1,1,3,824ab259-25d4-4163-9f56-dd77126ab879,complete,,24,0,144,1,24,34289831392,4.199495715035681,1400.960109,1463.022607,5.711174,450.156094,60.0
c1-w1-r4,1,1,4,edae8e8f-8e05-4b7c-93c7-17070a27063c,complete,,24,0,144,1,24,34171998471,4.21397654346161,1391.886683,1429.441203,4.460176,448.427137,59.8
c1-w1-r5,1,1,5,8b05563b-5ab3-4063-8b2c-d699212e9f8a,complete,,24,0,144,1,24,34118331169,4.2206050256889105,1395.655659,1442.673367,5.341406,447.552946,59.8
c1-w2-r1,1,2,1,97661a14-c168-45ad-b27a-ca96f7027cd4,complete,,24,0,144,1,24,28064269705,5.131079536851251,1145.66218,1202.412287,4.310594,227.774988,55.3
c1-w2-r2,1,2,2,44b09990-f57a-4063-8cff-cff17d1a8835,complete,,24,0,144,1,24,28382638339,5.073524112877574,1148.754238,1206.015331,3.907791,227.300777,55.5
c1-w2-r3,1,2,3,7717f593-1d13-4e39-8c9c-ec72a05b7ee7,complete,,24,0,144,1,24,27949928729,5.152070382583479,1139.669284,1179.105752,4.322955,225.5697,55.7
c1-w2-r4,1,2,4,0854042b-8b14-484c-8ebb-9f101922d690,complete,,24,0,144,1,24,28805863965,4.998982157763585,1180.705424,1207.630477,4.380711,230.551363,55.6
c1-w2-r5,1,2,5,5c1a7a19-5ed2-47d4-a0a1-253174adf019,complete,,24,0,144,1,24,28313260402,5.085956119339335,1147.40878,1199.846742,4.125024,227.921452,54.9
c1-w4-r1,1,4,1,546202e0-6228-41b1-a80e-730fcf55383a,complete,,24,0,144,1,24,23460624019,6.137944152013137,951.930262,984.589459,4.757274,80.442336,54.3
c1-w4-r2,1,4,2,56685347-bc85-4ed0-9591-a93fe797e054,complete,,24,0,144,1,24,23791778414,6.052510976449951,953.26229,1027.272521,4.587756,82.397498,54.6
c1-w4-r3,1,4,3,ddeff47d-0322-4ac4-ab67-a7800a0912fe,complete,,24,0,144,1,24,23484485801,6.131707597100903,942.5001,1019.707881,4.668118,78.434536,55.1
c1-w4-r4,1,4,4,b807ad98-701a-4a4d-97b5-b9287777a85c,complete,,24,0,144,1,24,24392590685,5.903431983079661,975.90176,1039.210855,5.274132,60.065067,57.8
c1-w4-r5,1,4,5,53a165f7-7502-4339-82e4-651719199db5,complete,,24,0,144,1,24,24123927331,5.969177324413322,973.160957,1051.598948,5.401633,78.304802,56.6
c4-w1-r1,4,1,1,47e4fb00-fbb4-4487-b37d-470421d673eb,complete,,24,0,144,4,24,33144592981,4.344600040270441,5429.601586,5530.260107,1104.942639,2250.861252,59.4
c4-w1-r2,4,1,2,067f7700-ae0e-4641-a820-39e98549c285,complete,,24,0,144,4,24,33209501936,4.336108390830761,5434.442755,5509.122325,1106.829927,2256.493688,59.2
c4-w1-r3,4,1,3,37f48e02-bafa-464d-a630-3816c991d311,complete,,24,0,144,4,24,33281076491,4.326783120700469,5440.205544,5544.885695,1117.215511,2250.575397,59.0
c4-w1-r4,4,1,4,f3035f06-672d-40c2-b21e-3f5be9082750,complete,,24,0,144,4,24,33245994261,4.331348879793396,5455.840304,5522.425267,1107.790093,2251.041171,59.4
c4-w1-r5,4,1,5,73c457f8-5743-4836-8d14-5695f5033efe,complete,,24,0,144,4,24,33198375814,4.337561596590943,5428.033064,5539.369626,1103.878557,2234.989195,59.7
c4-w2-r1,4,2,1,abb6d49e-18f5-401c-8802-2f8d484ddf62,complete,,24,0,144,4,24,17271276569,8.337542359692382,2811.232368,2914.185689,457.996313,1119.918204,43.2
c4-w2-r2,4,2,2,5d23a1f2-ebda-4df9-b9f2-96a1ffa97cf1,complete,,24,0,144,4,24,17426748260,8.263159474824478,2799.361821,3020.603418,460.658911,1135.2706,44.4
c4-w2-r3,4,2,3,8bb23b90-dcbd-4d33-9682-3ed51944a604,complete,,24,0,144,4,24,17294851926,8.32617709686889,2791.175863,2899.738624,454.44066,1128.554975,43.1
c4-w2-r4,4,2,4,e93191ae-e69c-4a5d-bc56-972e83228781,complete,,24,0,144,4,24,17230491786,8.357277423561518,2780.573909,2905.698912,458.495173,1133.445844,43.3
c4-w2-r5,4,2,5,ae9e8570-4833-4211-b9bd-499195763ba0,complete,,24,0,144,4,24,17412136643,8.270093610705189,2820.841385,2917.97628,458.997876,1140.39614,43.9
c4-w4-r1,4,4,1,002676c7-0e6e-4b5e-9387-5eec26f898a5,complete,,24,0,144,4,24,9355359220,15.392247011975238,1476.536463,1595.66165,54.77817,480.03102,39.5
c4-w4-r2,4,4,2,ed006bb7-def1-4f16-8b9c-fd262289bc1d,complete,,24,0,144,4,24,9409306405,15.303997319449604,1482.547448,1576.317546,80.90773,467.671849,39.5
c4-w4-r3,4,4,3,e57e6316-e7d8-40d2-bc81-11571994e9ab,complete,,24,0,144,4,24,9378514781,15.354243540963504,1495.348156,1548.160537,101.933174,470.182766,40.3
c4-w4-r4,4,4,4,8b9154c7-d7ff-409f-8ee5-b6dcd59b8215,complete,,24,0,144,4,24,9371864470,15.365138971114463,1474.178805,1545.779881,67.612489,464.122419,39.5
c4-w4-r5,4,4,5,a005ca6d-3b41-404c-8c75-fa7a7c9d4ccd,complete,,24,0,144,4,24,9354116184,15.394292434202248,1491.318428,1526.104141,89.948551,459.777061,40.7
c16-w1-r1,16,1,1,331f6114-ebb2-4628-980c-80426f47d29a,complete,,24,0,144,16,24,33548862896,4.292246817616253,19714.368838,22114.353064,3990.836185,9748.265726,59.8
c16-w1-r2,16,1,2,8e3ffcb1-baad-4742-bf00-5d564c33ad62,complete,,24,0,144,16,24,33399842731,4.311397546382657,19652.3114,21935.080924,3948.921924,9767.738597,59.9
c16-w1-r3,16,1,3,bd31a209-79a6-443a-a9ee-3124a4deef1b,complete,,24,0,144,16,24,33315872798,4.322264071336127,19627.575013,21889.277856,3965.658979,9739.952764,59.9
c16-w1-r4,16,1,4,bb9f9a04-59b9-41bb-91d0-4f40bbe0ab9c,complete,,24,0,144,16,24,32731253142,4.399464920431734,19155.964835,21429.333815,3874.576159,9450.057103,59.4
c16-w1-r5,16,1,5,63bd559e-05cf-4b12-960f-6cdcd2f7e4ca,complete,,24,0,144,16,24,32588054611,4.4187970628781645,19193.941892,21477.117802,3874.162225,9487.663739,57.9
c16-w2-r1,16,2,1,6983bca4-bc1e-4c2e-a809-0b4c3fd4523a,complete,,24,0,144,16,24,16727875864,8.608385258878078,9835.318258,10973.750456,1876.215522,4735.854119,41.6
c16-w2-r2,16,2,2,762d20f1-f758-4f59-9d56-683a974e808b,complete,,24,0,144,16,24,16888583480,8.526469977220374,9877.716209,11127.629151,1915.719768,4766.400168,42.0
c16-w2-r3,16,2,3,35befb70-37ce-41d7-828b-50705c248574,complete,,24,0,144,16,24,16834373386,8.553926938543194,9951.405146,11170.426951,1872.194478,4809.609127,41.3
c16-w2-r4,16,2,4,5a420581-d837-4d64-b246-073a30d464ab,complete,,24,0,144,16,24,16835144851,8.553534957642285,9881.586329,11003.628698,1858.182662,4775.143616,41.3
c16-w2-r5,16,2,5,b246b30d-c267-4228-b2dd-ad0d3b1babf9,complete,,24,0,144,16,24,16829898611,8.556201277759438,9897.802335,11147.55365,1862.050857,4792.586757,41.2
c16-w4-r1,16,4,1,c22cd135-5ecc-4c44-ba3f-09c522312001,complete,,24,0,144,16,24,8670337390,16.608350231685737,5160.648466,5718.49849,828.626749,2411.014815,36.0
c16-w4-r2,16,4,2,78322012-cc67-4209-b4e9-81b8208320b7,complete,,24,0,144,16,24,8733356765,16.488505379408945,5243.709028,5783.366274,861.668078,2360.84506,36.3
c16-w4-r3,16,4,3,8176733b-4954-4dc6-85a2-58fa585955d4,complete,,24,0,144,16,24,8768794926,16.42186882179573,5204.21245,5734.904351,827.036148,2329.318366,37.0
c16-w4-r4,16,4,4,39ecdbc9-4438-4116-8a8a-a268b757e1d2,complete,,24,0,144,16,24,8413002101,17.116363251934008,4985.692165,5507.121146,818.781372,2269.625215,35.9
c16-w4-r5,16,4,5,fe0f5a82-3e07-4b39-85f5-753e94e39da7,complete,,24,0,144,16,24,8559110560,16.82417804870603,5050.658692,5581.109666,846.324847,2265.092179,35.3
