concurrency,workers,repetitions,complete_runs,censored_runs,error_runs,jobs_pooled,job_p50_ms,job_p95_ms,job_p95_ms_run_median,tasks_pooled,scheduling_p50_ms,scheduling_p95_ms,throughput_mean,throughput_stdev,throughput_min,throughput_max,incomplete_jobs
1,1,5,5,0,0,120,1397.868946,1453.71616,1444.412868,720,5.711174,449.736577,4.197111656091707,0.02143346623059747,4.169334464424398,4.2206050256889105,0
1,2,5,5,0,0,120,1148.754238,1202.412287,1202.412287,720,4.355073,228.047137,5.0883224618830445,0.059368016439714996,4.998982157763585,5.152070382583479,0
1,4,5,5,0,0,120,960.866181,1027.272521,1027.272521,720,4.889675,79.63632,6.038954406611395,0.10225100623766964,5.903431983079661,6.137944152013137,0
4,1,5,5,0,0,120,5435.139431,5542.553046,5530.260107,720,1107.424393,2251.041171,4.335280405637202,0.006715759973781756,4.326783120700469,4.344600040270441,0
4,2,5,5,0,0,120,2800.205134,2920.924688,2914.185689,720,459.262493,1133.445844,8.31084999313049,0.0419475180517377,8.263159474824478,8.357277423561518,0
4,4,5,5,0,0,120,1488.352019,1570.106795,1548.160537,720,81.477717,468.846493,15.36198385554101,0.03671514838725468,15.303997319449604,15.394292434202248,0
16,1,5,5,0,0,120,19561.151731,21889.277856,21889.277856,720,3934.39695,9731.206498,4.348834083728987,0.05649751908226098,4.292246817616253,4.4187970628781645,0
16,2,5,5,0,0,120,9951.405146,11121.50818,11127.629151,720,1881.04233,4785.240927,8.559703682008674,0.029824762452310815,8.526469977220374,8.608385258878078,0
16,4,5,5,0,0,120,5151.266162,5718.49849,5718.49849,720,834.211605,2329.318366,16.69185314670609,0.2823708979820887,16.42186882179573,17.116363251934008,0
