utc,free_mb,total_mb,cpu_load_pct
2026-10-03T21:26:24.8510650Z,493,16069,87
2026-10-03T21:26:42.2182891Z,475,16069,53
2026-10-03T21:27:01.9550775Z,370,16069,60
2026-10-03T21:27:18.6221223Z,548,16069,50
2026-10-03T21:27:31.1954972Z,438,16069,69
2026-10-03T21:27:48.4990495Z,410,16069,43
2026-10-03T21:28:12.1286334Z,511,16069,48
2026-10-03T21:28:24.7043053Z,435,16069,52
2026-10-03T21:28:36.9130105Z,463,16069,58
2026-10-03T21:28:49.5572610Z,442,16069,64
2026-10-03T21:29:01.4478271Z,439,16069,52
2026-10-03T21:29:16.7289664Z,445,16069,68
2026-10-03T21:29:35.6664058Z,450,16069,50
2026-10-03T21:29:48.9578791Z,1040,16069,38
2026-10-03T21:30:02.8631167Z,865,16069,78
2026-10-03T21:30:18.0466651Z,809,16069,43
2026-10-03T21:30:36.0302644Z,813,16069,44
2026-10-03T21:30:53.2503335Z,788,16069,28
2026-10-03T21:31:10.4234427Z,823,16069,25
2026-10-03T21:31:28.0778272Z,770,16069,37
2026-10-03T21:31:46.7146593Z,783,16069,31
2026-10-03T21:32:03.2001737Z,727,16069,44
2026-10-03T21:32:20.3729125Z,740,16069,62
2026-10-03T21:32:39.9578496Z,710,16069,58
2026-10-03T21:32:53.7432867Z,724,16069,53
2026-10-03T21:33:06.2090234Z,712,16069,68
2026-10-03T21:33:18.2836769Z,716,16069,47
2026-10-03T21:33:30.4284181Z,692,16069,42
2026-10-03T21:33:47.0766170Z,729,16069,44
2026-10-03T21:34:04.7822241Z,725,16069,35
2026-10-03T21:34:19.8594629Z,728,16069,40
2026-10-03T21:34:32.4764606Z,793,16069,46
2026-10-03T21:34:46.4412865Z,530,16069,50
2026-10-03T21:35:01.7218464Z,913,16069,24
2026-10-03T21:35:16.0786375Z,952,16069,48
2026-10-03T21:35:31.9534360Z,924,16069,38
2026-10-03T21:35:45.2178053Z,913,16069,62
2026-10-03T21:35:58.7222275Z,1012,16069,50
2026-10-03T21:36:12.3285903Z,1001,16069,63
2026-10-03T21:36:24.2576466Z,1060,16069,51
2026-10-03T21:36:38.3423302Z,1049,16069,52
2026-10-03T21:36:53.4604206Z,1049,16069,40
